title,theme,year,shp_zip,geojson,csv,kml,rest,landing
Puntos criticos 2019,Puntos criticos,2019,https://mapas-conaset.opendata.arcgis.com/api/download/v1/items/c74a1a09bf6f4344b9066c5a79b84520/shapefile?layers=0,https://mapas-conaset.opendata.arcgis.com/api/download/v1/items/c74a1a09bf6f4344b9066c5a79b84520/geojson?layers=0,https://mapas-conaset.opendata.arcgis.com/api/download/v1/items/c74a1a09bf6f4344b9066c5a79b84520/csv?layers=0,https://mapas-conaset.opendata.arcgis.com/api/download/v1/items/c74a1a09bf6f4344b9066c5a79b84520/kml?layers=0,https://services3.arcgis.com/vaJl1B5HEzZj7154/arcgis/rest/services/Puntos_criticos_2019/FeatureServer/0,https://mapas-conaset.opendata.arcgis.com/datasets/c74a1a09bf6f4344b9066c5a79b84520_0
Puntos criticos 2018,Puntos criticos,2018,https://mapas-conaset.opendata.arcgis.com/api/download/v1/items/149bf35e00b247a8953d4496ca30ad48/shapefile?layers=0,https://mapas-conaset.opendata.arcgis.com/api/download/v1/items/149bf35e00b247a8953d4496ca30ad48/geojson?layers=0,https://mapas-conaset.opendata.arcgis.com/api/download/v1/items/149bf35e00b247a8953d4496ca30ad48/csv?layers=0,https://mapas-conaset.opendata.arcgis.com/api/download/v1/items/149bf35e00b247a8953d4496ca30ad48/kml?layers=0,https://services3.arcgis.com/vaJl1B5HEzZj7154/arcgis/rest/services/Puntos_criticos_2018/FeatureServer/0,https://mapas-conaset.opendata.arcgis.com/datasets/149bf35e00b247a8953d4496ca30ad48_0
Puntos criticos 2017,Puntos criticos,2017,https://mapas-conaset.opendata.arcgis.com/api/download/v1/items/edcd512f6b6147288ec5e12944709422/shapefile?layers=0,https://mapas-conaset.opendata.arcgis.com/api/download/v1/items/edcd512f6b6147288ec5e12944709422/geojson?layers=0,https://mapas-conaset.opendata.arcgis.com/api/download/v1/items/edcd512f6b6147288ec5e12944709422/csv?layers=0,https://mapas-conaset.opendata.arcgis.com/api/download/v1/items/edcd512f6b6147288ec5e12944709422/kml?layers=0,https://services3.arcgis.com/vaJl1B5HEzZj7154/arcgis/rest/services/Puntos_criticos_2017/FeatureServer/0,https://mapas-conaset.opendata.arcgis.com/datasets/edcd512f6b6147288ec5e12944709422_0
Puntos criticos 2016,Puntos criticos,2016,https://mapas-conaset.opendata.arcgis.com/api/download/v1/items/4dcc051c06d74e1cb65feb8b609fb3ed/shapefile?layers=0,https://mapas-conaset.opendata.arcgis.com/api/download/v1/items/4dcc051c06d74e1cb65feb8b609fb3ed/geojson?layers=0,https://mapas-conaset.opendata.arcgis.com/api/download/v1/items/4dcc051c06d74e1cb65feb8b609fb3ed/csv?layers=0,https://mapas-conaset.opendata.arcgis.com/api/download/v1/items/4dcc051c06d74e1cb65feb8b609fb3ed/kml?layers=0,https://services3.arcgis.com/vaJl1B5HEzZj7154/arcgis/rest/services/Puntos_criticos_2016/FeatureServer/0,https://mapas-conaset.opendata.arcgis.com/datasets/4dcc051c06d74e1cb65feb8b609fb3ed_0
Puntos criticos 2014,Puntos criticos,2014,https://mapas-conaset.opendata.arcgis.com/api/download/v1/items/e31ddc6e6ecb4131adc737ba65d30f97/shapefile?layers=0,https://mapas-conaset.opendata.arcgis.com/api/download/v1/items/e31ddc6e6ecb4131adc737ba65d30f97/geojson?layers=0,https://mapas-conaset.opendata.arcgis.com/api/download/v1/items/e31ddc6e6ecb4131adc737ba65d30f97/csv?layers=0,https://mapas-conaset.opendata.arcgis.com/api/download/v1/items/e31ddc6e6ecb4131adc737ba65d30f97/kml?layers=0,https://services3.arcgis.com/vaJl1B5HEzZj7154/arcgis/rest/services/Puntos_criticos_2014/FeatureServer/0,https://mapas-conaset.opendata.arcgis.com/datasets/e31ddc6e6ecb4131adc737ba65d30f97_0
Puntos criticos 2015,Puntos criticos,2015,https://mapas-conaset.opendata.arcgis.com/api/download/v1/items/4d0df572ef5a4244afbb384121af4135/shapefile?layers=0,https://mapas-conaset.opendata.arcgis.com/api/download/v1/items/4d0df572ef5a4244afbb384121af4135/geojson?layers=0,https://mapas-conaset.opendata.arcgis.com/api/download/v1/items/4d0df572ef5a4244afbb384121af4135/csv?layers=0,https://mapas-conaset.opendata.arcgis.com/api/download/v1/items/4d0df572ef5a4244afbb384121af4135/kml?layers=0,https://services3.arcgis.com/vaJl1B5HEzZj7154/arcgis/rest/services/Puntos_criticos_2015/FeatureServer/0,https://mapas-conaset.opendata.arcgis.com/datasets/4d0df572ef5a4244afbb384121af4135_0
Atropellos 2018,Atropellos,2018,https://mapas-conaset.opendata.arcgis.com/api/download/v1/items/e3fb8876d7b545d6bc801f2a8c2f559b/shapefile?layers=0,https://mapas-conaset.opendata.arcgis.com/api/download/v1/items/e3fb8876d7b545d6bc801f2a8c2f559b/geojson?layers=0,https://mapas-conaset.opendata.arcgis.com/api/download/v1/items/e3fb8876d7b545d6bc801f2a8c2f559b/csv?layers=0,https://mapas-conaset.opendata.arcgis.com/api/download/v1/items/e3fb8876d7b545d6bc801f2a8c2f559b/kml?layers=0,https://services3.arcgis.com/vaJl1B5HEzZj7154/arcgis/rest/services/Atropellos_2018/FeatureServer/0,https://mapas-conaset.opendata.arcgis.com/datasets/e3fb8876d7b545d6bc801f2a8c2f559b_0
Atropellos 2017,Atropellos,2017,https://mapas-conaset.opendata.arcgis.com/api/download/v1/items/75cf0e80dc33444f9cdf22295b4b03b5/shapefile?layers=0,https://mapas-conaset.opendata.arcgis.com/api/download/v1/items/75cf0e80dc33444f9cdf22295b4b03b5/geojson?layers=0,https://mapas-conaset.opendata.arcgis.com/api/download/v1/items/75cf0e80dc33444f9cdf22295b4b03b5/csv?layers=0,https://mapas-conaset.opendata.arcgis.com/api/download/v1/items/75cf0e80dc33444f9cdf22295b4b03b5/kml?layers=0,https://services3.arcgis.com/vaJl1B5HEzZj7154/arcgis/rest/services/Atropellos_2017/FeatureServer/0,https://mapas-conaset.opendata.arcgis.com/datasets/75cf0e80dc33444f9cdf22295b4b03b5_0
Atropellos 2019,Atropellos,2019,https://mapas-conaset.opendata.arcgis.com/api/download/v1/items/ff547d65abf84e1b8c06473622b7f0ce/shapefile?layers=0,https://mapas-conaset.opendata.arcgis.com/api/download/v1/items/ff547d65abf84e1b8c06473622b7f0ce/geojson?layers=0,https://mapas-conaset.opendata.arcgis.com/api/download/v1/items/ff547d65abf84e1b8c06473622b7f0ce/csv?layers=0,https://mapas-conaset.opendata.arcgis.com/api/download/v1/items/ff547d65abf84e1b8c06473622b7f0ce/kml?layers=0,https://services3.arcgis.com/vaJl1B5HEzZj7154/arcgis/rest/services/Atropellos_2019/FeatureServer/0,https://mapas-conaset.opendata.arcgis.com/datasets/ff547d65abf84e1b8c06473622b7f0ce_0
Atropellos 2016,Atropellos,2016,https://mapas-conaset.opendata.arcgis.com/api/download/v1/items/c9c30df7d8444eb19a7cdc511176c7a0/shapefile?layers=0,https://mapas-conaset.opendata.arcgis.com/api/download/v1/items/c9c30df7d8444eb19a7cdc511176c7a0/geojson?layers=0,https://mapas-conaset.opendata.arcgis.com/api/download/v1/items/c9c30df7d8444eb19a7cdc511176c7a0/csv?layers=0,https://mapas-conaset.opendata.arcgis.com/api/download/v1/items/c9c30df7d8444eb19a7cdc511176c7a0/kml?layers=0,https://services3.arcgis.com/vaJl1B5HEzZj7154/arcgis/rest/services/Atropellos_2016/FeatureServer/0,https://mapas-conaset.opendata.arcgis.com/datasets/c9c30df7d8444eb19a7cdc511176c7a0_0
Atropellos 2015,Atropellos,2015,https://mapas-conaset.opendata.arcgis.com/api/download/v1/items/2b614f6eef854310a7579fcfea1aabb9/shapefile?layers=0,https://mapas-conaset.opendata.arcgis.com/api/download/v1/items/2b614f6eef854310a7579fcfea1aabb9/geojson?layers=0,https://mapas-conaset.opendata.arcgis.com/api/download/v1/items/2b614f6eef854310a7579fcfea1aabb9/csv?layers=0,https://mapas-conaset.opendata.arcgis.com/api/download/v1/items/2b614f6eef854310a7579fcfea1aabb9/kml?layers=0,https://services3.arcgis.com/vaJl1B5HEzZj7154/arcgis/rest/services/Atropellos_2015/FeatureServer/0,https://mapas-conaset.opendata.arcgis.com/datasets/2b614f6eef854310a7579fcfea1aabb9_0
Atropellos 2014,Atropellos,2014,https://mapas-conaset.opendata.arcgis.com/api/download/v1/items/ccb2ff9edfd14969a789873bf02b8e91/shapefile?layers=0,https://mapas-conaset.opendata.arcgis.com/api/download/v1/items/ccb2ff9edfd14969a789873bf02b8e91/geojson?layers=0,https://mapas-conaset.opendata.arcgis.com/api/download/v1/items/ccb2ff9edfd14969a789873bf02b8e91/csv?layers=0,https://mapas-conaset.opendata.arcgis.com/api/download/v1/items/ccb2ff9edfd14969a789873bf02b8e91/kml?layers=0,https://services3.arcgis.com/vaJl1B5HEzZj7154/arcgis/rest/services/Atropellos_2014/FeatureServer/0,https://mapas-conaset.opendata.arcgis.com/datasets/ccb2ff9edfd14969a789873bf02b8e91_0
Siniestros individuales 2020,Siniestros individuales,2020,https://mapas-conaset.opendata.arcgis.com/api/download/v1/items/b7b7574f930d4173ac29f1cb2d4249c5/shapefile?layers=0,https://mapas-conaset.opendata.arcgis.com/api/download/v1/items/b7b7574f930d4173ac29f1cb2d4249c5/geojson?layers=0,https://mapas-conaset.opendata.arcgis.com/api/download/v1/items/b7b7574f930d4173ac29f1cb2d4249c5/csv?layers=0,https://mapas-conaset.opendata.arcgis.com/api/download/v1/items/b7b7574f930d4173ac29f1cb2d4249c5/kml?layers=0,https://services3.arcgis.com/vaJl1B5HEzZj7154/arcgis/rest/services/Urbano_2020/FeatureServer/0,https://mapas-conaset.opendata.arcgis.com/datasets/b7b7574f930d4173ac29f1cb2d4249c5_0
Siniestros individuales 2021,Siniestros individuales,2021,https://mapas-conaset.opendata.arcgis.com/api/download/v1/items/36697ef9e2c548d78954011e3d9bdfa5/shapefile?layers=0,https://mapas-conaset.opendata.arcgis.com/api/download/v1/items/36697ef9e2c548d78954011e3d9bdfa5/geojson?layers=0,https://mapas-conaset.opendata.arcgis.com/api/download/v1/items/36697ef9e2c548d78954011e3d9bdfa5/csv?layers=0,https://mapas-conaset.opendata.arcgis.com/api/download/v1/items/36697ef9e2c548d78954011e3d9bdfa5/kml?layers=0,https://services3.arcgis.com/vaJl1B5HEzZj7154/arcgis/rest/services/Urbano_2021/FeatureServer/0,https://mapas-conaset.opendata.arcgis.com/datasets/36697ef9e2c548d78954011e3d9bdfa5_0
Siniestros individuales 2023,Siniestros individuales,2023,https://mapas-conaset.opendata.arcgis.com/api/download/v1/items/33182f2124194d9bae15afc17147e208/shapefile?layers=0,https://mapas-conaset.opendata.arcgis.com/api/download/v1/items/33182f2124194d9bae15afc17147e208/geojson?layers=0,https://mapas-conaset.opendata.arcgis.com/api/download/v1/items/33182f2124194d9bae15afc17147e208/csv?layers=0,https://mapas-conaset.opendata.arcgis.com/api/download/v1/items/33182f2124194d9bae15afc17147e208/kml?layers=0,https://services3.arcgis.com/vaJl1B5HEzZj7154/arcgis/rest/services/Urbano_2023/FeatureServer/0,https://mapas-conaset.opendata.arcgis.com/datasets/33182f2124194d9bae15afc17147e208_0
Siniestros individuales 2024,Siniestros individuales,2024,https://mapas-conaset.opendata.arcgis.com/api/download/v1/items/363bfb07c7814cdda0cf563793f6e028/shapefile?layers=0,https://mapas-conaset.opendata.arcgis.com/api/download/v1/items/363bfb07c7814cdda0cf563793f6e028/geojson?layers=0,https://mapas-conaset.opendata.arcgis.com/api/download/v1/items/363bfb07c7814cdda0cf563793f6e028/csv?layers=0,https://mapas-conaset.opendata.arcgis.com/api/download/v1/items/363bfb07c7814cdda0cf563793f6e028/kml?layers=0,https://services3.arcgis.com/vaJl1B5HEzZj7154/arcgis/rest/services/urbano_2024/FeatureServer/0,https://mapas-conaset.opendata.arcgis.com/datasets/363bfb07c7814cdda0cf563793f6e028_0
Siniestros individuales 2022,Siniestros individuales,2022,https://mapas-conaset.opendata.arcgis.com/api/download/v1/items/cb6d54e4336047da8946c8a1d63d5709/shapefile?layers=0,https://mapas-conaset.opendata.arcgis.com/api/download/v1/items/cb6d54e4336047da8946c8a1d63d5709/geojson?layers=0,https://mapas-conaset.opendata.arcgis.com/api/download/v1/items/cb6d54e4336047da8946c8a1d63d5709/csv?layers=0,https://mapas-conaset.opendata.arcgis.com/api/download/v1/items/cb6d54e4336047da8946c8a1d63d5709/kml?layers=0,https://services3.arcgis.com/vaJl1B5HEzZj7154/arcgis/rest/services/Urbano_2022/FeatureServer/0,https://mapas-conaset.opendata.arcgis.com/datasets/cb6d54e4336047da8946c8a1d63d5709_0
Siniestros en ruta Chile 2022,Siniestros en ruta,2022,https://mapas-conaset.opendata.arcgis.com/api/download/v1/items/4228eee50fec4c1d96da7f4c36090647/shapefile?layers=0,https://mapas-conaset.opendata.arcgis.com/api/download/v1/items/4228eee50fec4c1d96da7f4c36090647/geojson?layers=0,https://mapas-conaset.opendata.arcgis.com/api/download/v1/items/4228eee50fec4c1d96da7f4c36090647/csv?layers=0,https://mapas-conaset.opendata.arcgis.com/api/download/v1/items/4228eee50fec4c1d96da7f4c36090647/kml?layers=0,https://services3.arcgis.com/vaJl1B5HEzZj7154/arcgis/rest/services/Rural_2022/FeatureServer/0,https://mapas-conaset.opendata.arcgis.com/datasets/4228eee50fec4c1d96da7f4c36090647_0
Siniestros en ruta Chile 2024,Siniestros en ruta,2024,https://mapas-conaset.opendata.arcgis.com/api/download/v1/items/15bab50b92ba454f82ff095b6508135f/shapefile?layers=0,https://mapas-conaset.opendata.arcgis.com/api/download/v1/items/15bab50b92ba454f82ff095b6508135f/geojson?layers=0,https://mapas-conaset.opendata.arcgis.com/api/download/v1/items/15bab50b92ba454f82ff095b6508135f/csv?layers=0,https://mapas-conaset.opendata.arcgis.com/api/download/v1/items/15bab50b92ba454f82ff095b6508135f/kml?layers=0,https://services3.arcgis.com/vaJl1B5HEzZj7154/arcgis/rest/services/Rural_2024/FeatureServer/0,https://mapas-conaset.opendata.arcgis.com/datasets/15bab50b92ba454f82ff095b6508135f_0
Siniestros en ruta Chile 2021,Siniestros en ruta,2021,https://mapas-conaset.opendata.arcgis.com/api/download/v1/items/be44abab73b64783a1474e123c28e9ce/shapefile?layers=0,https://mapas-conaset.opendata.arcgis.com/api/download/v1/items/be44abab73b64783a1474e123c28e9ce/geojson?layers=0,https://mapas-conaset.opendata.arcgis.com/api/download/v1/items/be44abab73b64783a1474e123c28e9ce/csv?layers=0,https://mapas-conaset.opendata.arcgis.com/api/download/v1/items/be44abab73b64783a1474e123c28e9ce/kml?layers=0,https://services3.arcgis.com/vaJl1B5HEzZj7154/arcgis/rest/services/Rural_2021/FeatureServer/0,https://mapas-conaset.opendata.arcgis.com/datasets/be44abab73b64783a1474e123c28e9ce_0
Siniestros en ruta Chile 2020,Siniestros en ruta,2020,https://mapas-conaset.opendata.arcgis.com/api/download/v1/items/9eaeb00a4d544cb289506832507ab549/shapefile?layers=0,https://mapas-conaset.opendata.arcgis.com/api/download/v1/items/9eaeb00a4d544cb289506832507ab549/geojson?layers=0,https://mapas-conaset.opendata.arcgis.com/api/download/v1/items/9eaeb00a4d544cb289506832507ab549/csv?layers=0,https://mapas-conaset.opendata.arcgis.com/api/download/v1/items/9eaeb00a4d544cb289506832507ab549/kml?layers=0,https://services3.arcgis.com/vaJl1B5HEzZj7154/arcgis/rest/services/Rural_2020/FeatureServer/0,https://mapas-conaset.opendata.arcgis.com/datasets/9eaeb00a4d544cb289506832507ab549_0
Siniestros en ruta Chile 2023,Siniestros en ruta,2023,https://mapas-conaset.opendata.arcgis.com/api/download/v1/items/4dd3fd2ae10a4f62bfbc10a0c38349e9/shapefile?layers=0,https://mapas-conaset.opendata.arcgis.com/api/download/v1/items/4dd3fd2ae10a4f62bfbc10a0c38349e9/geojson?layers=0,https://mapas-conaset.opendata.arcgis.com/api/download/v1/items/4dd3fd2ae10a4f62bfbc10a0c38349e9/csv?layers=0,https://mapas-conaset.opendata.arcgis.com/api/download/v1/items/4dd3fd2ae10a4f62bfbc10a0c38349e9/kml?layers=0,https://services3.arcgis.com/vaJl1B5HEzZj7154/arcgis/rest/services/Rural_2023/FeatureServer/0,https://mapas-conaset.opendata.arcgis.com/datasets/4dd3fd2ae10a4f62bfbc10a0c38349e9_0
Siniestros con participación de motocicletas 2024,Siniestros motocicletas,2024,https://mapas-conaset.opendata.arcgis.com/api/download/v1/items/2bf1f6744f3647b2af08a65a2e81c453/shapefile?layers=0,https://mapas-conaset.opendata.arcgis.com/api/download/v1/items/2bf1f6744f3647b2af08a65a2e81c453/geojson?layers=0,https://mapas-conaset.opendata.arcgis.com/api/download/v1/items/2bf1f6744f3647b2af08a65a2e81c453/csv?layers=0,https://mapas-conaset.opendata.arcgis.com/api/download/v1/items/2bf1f6744f3647b2af08a65a2e81c453/kml?layers=0,https://services3.arcgis.com/vaJl1B5HEzZj7154/arcgis/rest/services/Moto_2024/FeatureServer/0,https://mapas-conaset.opendata.arcgis.com/datasets/2bf1f6744f3647b2af08a65a2e81c453_0
Siniestros con participación de motocicletas 2023,Siniestros motocicletas,2023,https://mapas-conaset.opendata.arcgis.com/api/download/v1/items/969e5159a749443d8e8c1b8be483c844/shapefile?layers=0,https://mapas-conaset.opendata.arcgis.com/api/download/v1/items/969e5159a749443d8e8c1b8be483c844/geojson?layers=0,https://mapas-conaset.opendata.arcgis.com/api/download/v1/items/969e5159a749443d8e8c1b8be483c844/csv?layers=0,https://mapas-conaset.opendata.arcgis.com/api/download/v1/items/969e5159a749443d8e8c1b8be483c844/kml?layers=0,https://services3.arcgis.com/vaJl1B5HEzZj7154/arcgis/rest/services/Moto_2023/FeatureServer/0,https://mapas-conaset.opendata.arcgis.com/datasets/969e5159a749443d8e8c1b8be483c844_0
Siniestros con participación de motocicletas 2022,Siniestros motocicletas,2022,https://mapas-conaset.opendata.arcgis.com/api/download/v1/items/950bdf6180834d6b92d73b59c4c31e8b/shapefile?layers=0,https://mapas-conaset.opendata.arcgis.com/api/download/v1/items/950bdf6180834d6b92d73b59c4c31e8b/geojson?layers=0,https://mapas-conaset.opendata.arcgis.com/api/download/v1/items/950bdf6180834d6b92d73b59c4c31e8b/csv?layers=0,https://mapas-conaset.opendata.arcgis.com/api/download/v1/items/950bdf6180834d6b92d73b59c4c31e8b/kml?layers=0,https://services3.arcgis.com/vaJl1B5HEzZj7154/arcgis/rest/services/Moto_2022/FeatureServer/0,https://mapas-conaset.opendata.arcgis.com/datasets/950bdf6180834d6b92d73b59c4c31e8b_0
Siniestros con participación de motocicletas 2020,Siniestros motocicletas,2020,https://mapas-conaset.opendata.arcgis.com/api/download/v1/items/4495bb3970f34694bf68e9d649f2dd2e/shapefile?layers=0,https://mapas-conaset.opendata.arcgis.com/api/download/v1/items/4495bb3970f34694bf68e9d649f2dd2e/geojson?layers=0,https://mapas-conaset.opendata.arcgis.com/api/download/v1/items/4495bb3970f34694bf68e9d649f2dd2e/csv?layers=0,https://mapas-conaset.opendata.arcgis.com/api/download/v1/items/4495bb3970f34694bf68e9d649f2dd2e/kml?layers=0,https://services3.arcgis.com/vaJl1B5HEzZj7154/arcgis/rest/services/Moto_2020/FeatureServer/0,https://mapas-conaset.opendata.arcgis.com/datasets/4495bb3970f34694bf68e9d649f2dd2e_0
Siniestros con participación de motocicletas 2021,Siniestros motocicletas,2021,https://mapas-conaset.opendata.arcgis.com/api/download/v1/items/eaa35345ab38473e9f0ee2e619b5d132/shapefile?layers=0,https://mapas-conaset.opendata.arcgis.com/api/download/v1/items/eaa35345ab38473e9f0ee2e619b5d132/geojson?layers=0,https://mapas-conaset.opendata.arcgis.com/api/download/v1/items/eaa35345ab38473e9f0ee2e619b5d132/csv?layers=0,https://mapas-conaset.opendata.arcgis.com/api/download/v1/items/eaa35345ab38473e9f0ee2e619b5d132/kml?layers=0,https://services3.arcgis.com/vaJl1B5HEzZj7154/arcgis/rest/services/Moto_2021/FeatureServer/0,https://mapas-conaset.opendata.arcgis.com/datasets/eaa35345ab38473e9f0ee2e619b5d132_0
Puntos criticos 2024,Puntos criticos,2024,https://mapas-conaset.opendata.arcgis.com/api/download/v1/items/6d889a99a438464685179f11533d889f/shapefile?layers=0,https://mapas-conaset.opendata.arcgis.com/api/download/v1/items/6d889a99a438464685179f11533d889f/geojson?layers=0,https://mapas-conaset.opendata.arcgis.com/api/download/v1/items/6d889a99a438464685179f11533d889f/csv?layers=0,https://mapas-conaset.opendata.arcgis.com/api/download/v1/items/6d889a99a438464685179f11533d889f/kml?layers=0,https://services3.arcgis.com/vaJl1B5HEzZj7154/arcgis/rest/services/Puntos_criticos_2024/FeatureServer/0,https://mapas-conaset.opendata.arcgis.com/datasets/6d889a99a438464685179f11533d889f_0
Puntos criticos 2023,Puntos criticos,2023,https://mapas-conaset.opendata.arcgis.com/api/download/v1/items/b924fd49396d40f0b01fd3d33cb91b48/shapefile?layers=0,https://mapas-conaset.opendata.arcgis.com/api/download/v1/items/b924fd49396d40f0b01fd3d33cb91b48/geojson?layers=0,https://mapas-conaset.opendata.arcgis.com/api/download/v1/items/b924fd49396d40f0b01fd3d33cb91b48/csv?layers=0,https://mapas-conaset.opendata.arcgis.com/api/download/v1/items/b924fd49396d40f0b01fd3d33cb91b48/kml?layers=0,https://services3.arcgis.com/vaJl1B5HEzZj7154/arcgis/rest/services/Puntos_criticos_2023/FeatureServer/0,https://mapas-conaset.opendata.arcgis.com/datasets/b924fd49396d40f0b01fd3d33cb91b48_0
Puntos criticos 2022,Puntos criticos,2022,https://mapas-conaset.opendata.arcgis.com/api/download/v1/items/1a12f4dd181245dda58ff254dd04a5fd/shapefile?layers=0,https://mapas-conaset.opendata.arcgis.com/api/download/v1/items/1a12f4dd181245dda58ff254dd04a5fd/geojson?layers=0,https://mapas-conaset.opendata.arcgis.com/api/download/v1/items/1a12f4dd181245dda58ff254dd04a5fd/csv?layers=0,https://mapas-conaset.opendata.arcgis.com/api/download/v1/items/1a12f4dd181245dda58ff254dd04a5fd/kml?layers=0,https://services3.arcgis.com/vaJl1B5HEzZj7154/arcgis/rest/services/Puntos_criticos_2022/FeatureServer/0,https://mapas-conaset.opendata.arcgis.com/datasets/1a12f4dd181245dda58ff254dd04a5fd_0
Puntos criticos 2020,Puntos criticos,2020,https://mapas-conaset.opendata.arcgis.com/api/download/v1/items/a89e2d03c3c74aa193ce7d3c8232ba1b/shapefile?layers=0,https://mapas-conaset.opendata.arcgis.com/api/download/v1/items/a89e2d03c3c74aa193ce7d3c8232ba1b/geojson?layers=0,https://mapas-conaset.opendata.arcgis.com/api/download/v1/items/a89e2d03c3c74aa193ce7d3c8232ba1b/csv?layers=0,https://mapas-conaset.opendata.arcgis.com/api/download/v1/items/a89e2d03c3c74aa193ce7d3c8232ba1b/kml?layers=0,https://services3.arcgis.com/vaJl1B5HEzZj7154/arcgis/rest/services/Puntos_criticos_2020/FeatureServer/0,https://mapas-conaset.opendata.arcgis.com/datasets/a89e2d03c3c74aa193ce7d3c8232ba1b_0
Puntos criticos 2021,Puntos criticos,2021,https://mapas-conaset.opendata.arcgis.com/api/download/v1/items/77434159d6f641d8a30bf5c939663faa/shapefile?layers=0,https://mapas-conaset.opendata.arcgis.com/api/download/v1/items/77434159d6f641d8a30bf5c939663faa/geojson?layers=0,https://mapas-conaset.opendata.arcgis.com/api/download/v1/items/77434159d6f641d8a30bf5c939663faa/csv?layers=0,https://mapas-conaset.opendata.arcgis.com/api/download/v1/items/77434159d6f641d8a30bf5c939663faa/kml?layers=0,https://services3.arcgis.com/vaJl1B5HEzZj7154/arcgis/rest/services/Puntos_criticos_2021/FeatureServer/0,https://mapas-conaset.opendata.arcgis.com/datasets/77434159d6f641d8a30bf5c939663faa_0
Siniestros de tipo atropello 2020,Atropellos,2020,https://mapas-conaset.opendata.arcgis.com/api/download/v1/items/68928572204d440ba01f0e3c67f01de1/shapefile?layers=0,https://mapas-conaset.opendata.arcgis.com/api/download/v1/items/68928572204d440ba01f0e3c67f01de1/geojson?layers=0,https://mapas-conaset.opendata.arcgis.com/api/download/v1/items/68928572204d440ba01f0e3c67f01de1/csv?layers=0,https://mapas-conaset.opendata.arcgis.com/api/download/v1/items/68928572204d440ba01f0e3c67f01de1/kml?layers=0,https://services3.arcgis.com/vaJl1B5HEzZj7154/arcgis/rest/services/Atropellos_2020/FeatureServer/0,https://mapas-conaset.opendata.arcgis.com/datasets/68928572204d440ba01f0e3c67f01de1_0
Siniestros de tipo atropello 2021,Atropellos,2021,https://mapas-conaset.opendata.arcgis.com/api/download/v1/items/5e98bd21866b40a9a4e42c73ce1748bb/shapefile?layers=0,https://mapas-conaset.opendata.arcgis.com/api/download/v1/items/5e98bd21866b40a9a4e42c73ce1748bb/geojson?layers=0,https://mapas-conaset.opendata.arcgis.com/api/download/v1/items/5e98bd21866b40a9a4e42c73ce1748bb/csv?layers=0,https://mapas-conaset.opendata.arcgis.com/api/download/v1/items/5e98bd21866b40a9a4e42c73ce1748bb/kml?layers=0,https://services3.arcgis.com/vaJl1B5HEzZj7154/arcgis/rest/services/Atropellos_2021/FeatureServer/0,https://mapas-conaset.opendata.arcgis.com/datasets/5e98bd21866b40a9a4e42c73ce1748bb_0
Siniestros de tipo atropello 2022,Atropellos,2022,https://mapas-conaset.opendata.arcgis.com/api/download/v1/items/dfcca3d5862048198133397e44ee49a7/shapefile?layers=0,https://mapas-conaset.opendata.arcgis.com/api/download/v1/items/dfcca3d5862048198133397e44ee49a7/geojson?layers=0,https://mapas-conaset.opendata.arcgis.com/api/download/v1/items/dfcca3d5862048198133397e44ee49a7/csv?layers=0,https://mapas-conaset.opendata.arcgis.com/api/download/v1/items/dfcca3d5862048198133397e44ee49a7/kml?layers=0,https://services3.arcgis.com/vaJl1B5HEzZj7154/arcgis/rest/services/Atropellos_2022/FeatureServer/0,https://mapas-conaset.opendata.arcgis.com/datasets/dfcca3d5862048198133397e44ee49a7_0
Siniestros de tipo atropello 2023,Atropellos,2023,https://mapas-conaset.opendata.arcgis.com/api/download/v1/items/6d8fb5c2774745fd86b2e0be62c54946/shapefile?layers=0,https://mapas-conaset.opendata.arcgis.com/api/download/v1/items/6d8fb5c2774745fd86b2e0be62c54946/geojson?layers=0,https://mapas-conaset.opendata.arcgis.com/api/download/v1/items/6d8fb5c2774745fd86b2e0be62c54946/csv?layers=0,https://mapas-conaset.opendata.arcgis.com/api/download/v1/items/6d8fb5c2774745fd86b2e0be62c54946/kml?layers=0,https://services3.arcgis.com/vaJl1B5HEzZj7154/arcgis/rest/services/Atropellos_2023/FeatureServer/0,https://mapas-conaset.opendata.arcgis.com/datasets/6d8fb5c2774745fd86b2e0be62c54946_0
Siniestros de tipo atropello 2024,Atropellos,2024,https://mapas-conaset.opendata.arcgis.com/api/download/v1/items/6249efd0358c4c309b9ec4b47c7ba280/shapefile?layers=0,https://mapas-conaset.opendata.arcgis.com/api/download/v1/items/6249efd0358c4c309b9ec4b47c7ba280/geojson?layers=0,https://mapas-conaset.opendata.arcgis.com/api/download/v1/items/6249efd0358c4c309b9ec4b47c7ba280/csv?layers=0,https://mapas-conaset.opendata.arcgis.com/api/download/v1/items/6249efd0358c4c309b9ec4b47c7ba280/kml?layers=0,https://services3.arcgis.com/vaJl1B5HEzZj7154/arcgis/rest/services/Atropellos_2024/FeatureServer/0,https://mapas-conaset.opendata.arcgis.com/datasets/6249efd0358c4c309b9ec4b47c7ba280_0
Siniestros con participación de bicicletas 2024,Siniestros bicicletas,2024,https://mapas-conaset.opendata.arcgis.com/api/download/v1/items/343d1f67f3014d598629b6e442f060d1/shapefile?layers=0,https://mapas-conaset.opendata.arcgis.com/api/download/v1/items/343d1f67f3014d598629b6e442f060d1/geojson?layers=0,https://mapas-conaset.opendata.arcgis.com/api/download/v1/items/343d1f67f3014d598629b6e442f060d1/csv?layers=0,https://mapas-conaset.opendata.arcgis.com/api/download/v1/items/343d1f67f3014d598629b6e442f060d1/kml?layers=0,https://services3.arcgis.com/vaJl1B5HEzZj7154/arcgis/rest/services/Bici_2024/FeatureServer/0,https://mapas-conaset.opendata.arcgis.com/datasets/343d1f67f3014d598629b6e442f060d1_0
Siniestros con participación de bicicletas 2023,Siniestros bicicletas,2023,https://mapas-conaset.opendata.arcgis.com/api/download/v1/items/3a172ce7d9af4c49bbc528f23a43606a/shapefile?layers=0,https://mapas-conaset.opendata.arcgis.com/api/download/v1/items/3a172ce7d9af4c49bbc528f23a43606a/geojson?layers=0,https://mapas-conaset.opendata.arcgis.com/api/download/v1/items/3a172ce7d9af4c49bbc528f23a43606a/csv?layers=0,https://mapas-conaset.opendata.arcgis.com/api/download/v1/items/3a172ce7d9af4c49bbc528f23a43606a/kml?layers=0,https://services3.arcgis.com/vaJl1B5HEzZj7154/arcgis/rest/services/Bici_2023/FeatureServer/0,https://mapas-conaset.opendata.arcgis.com/datasets/3a172ce7d9af4c49bbc528f23a43606a_0
Siniestros con participación de bicicletas 2022,Siniestros bicicletas,2022,https://mapas-conaset.opendata.arcgis.com/api/download/v1/items/ef3fa81e11c54baa967988717b86842e/shapefile?layers=0,https://mapas-conaset.opendata.arcgis.com/api/download/v1/items/ef3fa81e11c54baa967988717b86842e/geojson?layers=0,https://mapas-conaset.opendata.arcgis.com/api/download/v1/items/ef3fa81e11c54baa967988717b86842e/csv?layers=0,https://mapas-conaset.opendata.arcgis.com/api/download/v1/items/ef3fa81e11c54baa967988717b86842e/kml?layers=0,https://services3.arcgis.com/vaJl1B5HEzZj7154/arcgis/rest/services/Bici_2022/FeatureServer/0,https://mapas-conaset.opendata.arcgis.com/datasets/ef3fa81e11c54baa967988717b86842e_0
Siniestros con participación de bicicletas 2021,Siniestros bicicletas,2021,https://mapas-conaset.opendata.arcgis.com/api/download/v1/items/02e4a24c1def44218ada747df90f5dfc/shapefile?layers=0,https://mapas-conaset.opendata.arcgis.com/api/download/v1/items/02e4a24c1def44218ada747df90f5dfc/geojson?layers=0,https://mapas-conaset.opendata.arcgis.com/api/download/v1/items/02e4a24c1def44218ada747df90f5dfc/csv?layers=0,https://mapas-conaset.opendata.arcgis.com/api/download/v1/items/02e4a24c1def44218ada747df90f5dfc/kml?layers=0,https://services3.arcgis.com/vaJl1B5HEzZj7154/arcgis/rest/services/Bici_2021/FeatureServer/0,https://mapas-conaset.opendata.arcgis.com/datasets/02e4a24c1def44218ada747df90f5dfc_0
Siniestros con participación de bicicletas 2020,Siniestros bicicletas,2020,https://mapas-conaset.opendata.arcgis.com/api/download/v1/items/3c4df52dec634850a48e1c06b1c1b816/shapefile?layers=0,https://mapas-conaset.opendata.arcgis.com/api/download/v1/items/3c4df52dec634850a48e1c06b1c1b816/geojson?layers=0,https://mapas-conaset.opendata.arcgis.com/api/download/v1/items/3c4df52dec634850a48e1c06b1c1b816/csv?layers=0,https://mapas-conaset.opendata.arcgis.com/api/download/v1/items/3c4df52dec634850a48e1c06b1c1b816/kml?layers=0,https://services3.arcgis.com/vaJl1B5HEzZj7154/arcgis/rest/services/Bici_2020/FeatureServer/0,https://mapas-conaset.opendata.arcgis.com/datasets/3c4df52dec634850a48e1c06b1c1b816_0
Siniestros urbanos Arica y Parinacota 2024,Siniestros urbanos,2024,https://mapas-conaset.opendata.arcgis.com/api/download/v1/items/17438ce9a75b418391e094718c5528d0/shapefile?layers=0,https://mapas-conaset.opendata.arcgis.com/api/download/v1/items/17438ce9a75b418391e094718c5528d0/geojson?layers=0,https://mapas-conaset.opendata.arcgis.com/api/download/v1/items/17438ce9a75b418391e094718c5528d0/csv?layers=0,https://mapas-conaset.opendata.arcgis.com/api/download/v1/items/17438ce9a75b418391e094718c5528d0/kml?layers=0,https://services3.arcgis.com/vaJl1B5HEzZj7154/arcgis/rest/services/Siniestros_urbanos_Arica_y_Parinacota/FeatureServer/0,https://mapas-conaset.opendata.arcgis.com/datasets/17438ce9a75b418391e094718c5528d0_0
Siniestros urbanos Aysen 2024,Siniestros urbanos,2024,https://mapas-conaset.opendata.arcgis.com/api/download/v1/items/9df4dc60ef8d46d5bbac6013cbb539be/shapefile?layers=0,https://mapas-conaset.opendata.arcgis.com/api/download/v1/items/9df4dc60ef8d46d5bbac6013cbb539be/geojson?layers=0,https://mapas-conaset.opendata.arcgis.com/api/download/v1/items/9df4dc60ef8d46d5bbac6013cbb539be/csv?layers=0,https://mapas-conaset.opendata.arcgis.com/api/download/v1/items/9df4dc60ef8d46d5bbac6013cbb539be/kml?layers=0,https://services3.arcgis.com/vaJl1B5HEzZj7154/arcgis/rest/services/Siniestros_urbanos_Aysen/FeatureServer/0,https://mapas-conaset.opendata.arcgis.com/datasets/9df4dc60ef8d46d5bbac6013cbb539be_0
Siniestros urbanos biobio 2024,Siniestros urbanos,2024,https://mapas-conaset.opendata.arcgis.com/api/download/v1/items/ebd5052827294c68bf1f3e13f45f92b7/shapefile?layers=0,https://mapas-conaset.opendata.arcgis.com/api/download/v1/items/ebd5052827294c68bf1f3e13f45f92b7/geojson?layers=0,https://mapas-conaset.opendata.arcgis.com/api/download/v1/items/ebd5052827294c68bf1f3e13f45f92b7/csv?layers=0,https://mapas-conaset.opendata.arcgis.com/api/download/v1/items/ebd5052827294c68bf1f3e13f45f92b7/kml?layers=0,https://services3.arcgis.com/vaJl1B5HEzZj7154/arcgis/rest/services/Siniestros_urbanos_biobio/FeatureServer/0,https://mapas-conaset.opendata.arcgis.com/datasets/ebd5052827294c68bf1f3e13f45f92b7_0
Siniestros urbanos Coquimbo 2024,Siniestros urbanos,2024,https://mapas-conaset.opendata.arcgis.com/api/download/v1/items/d547ce743bc14a5b892c680d971b9243/shapefile?layers=0,https://mapas-conaset.opendata.arcgis.com/api/download/v1/items/d547ce743bc14a5b892c680d971b9243/geojson?layers=0,https://mapas-conaset.opendata.arcgis.com/api/download/v1/items/d547ce743bc14a5b892c680d971b9243/csv?layers=0,https://mapas-conaset.opendata.arcgis.com/api/download/v1/items/d547ce743bc14a5b892c680d971b9243/kml?layers=0,https://services3.arcgis.com/vaJl1B5HEzZj7154/arcgis/rest/services/Siniestros_urbanos_Coquimbo/FeatureServer/0,https://mapas-conaset.opendata.arcgis.com/datasets/d547ce743bc14a5b892c680d971b9243_0
Siniestros urbanos Los Rios 2024,Siniestros urbanos,2024,https://mapas-conaset.opendata.arcgis.com/api/download/v1/items/bec3e3b58444462f9074be55a52bf486/shapefile?layers=0,https://mapas-conaset.opendata.arcgis.com/api/download/v1/items/bec3e3b58444462f9074be55a52bf486/geojson?layers=0,https://mapas-conaset.opendata.arcgis.com/api/download/v1/items/bec3e3b58444462f9074be55a52bf486/csv?layers=0,https://mapas-conaset.opendata.arcgis.com/api/download/v1/items/bec3e3b58444462f9074be55a52bf486/kml?layers=0,https://services3.arcgis.com/vaJl1B5HEzZj7154/arcgis/rest/services/Siniestros_urbanos_Los_Rios/FeatureServer/0,https://mapas-conaset.opendata.arcgis.com/datasets/bec3e3b58444462f9074be55a52bf486_0
Siniestros urbanos Magallanes 2024,Siniestros urbanos,2024,https://mapas-conaset.opendata.arcgis.com/api/download/v1/items/d20eb4ef5dc843bfbb43f67b49e01a3b/shapefile?layers=0,https://mapas-conaset.opendata.arcgis.com/api/download/v1/items/d20eb4ef5dc843bfbb43f67b49e01a3b/geojson?layers=0,https://mapas-conaset.opendata.arcgis.com/api/download/v1/items/d20eb4ef5dc843bfbb43f67b49e01a3b/csv?layers=0,https://mapas-conaset.opendata.arcgis.com/api/download/v1/items/d20eb4ef5dc843bfbb43f67b49e01a3b/kml?layers=0,https://services3.arcgis.com/vaJl1B5HEzZj7154/arcgis/rest/services/Siniestros_urbanos_Magallanes/FeatureServer/0,https://mapas-conaset.opendata.arcgis.com/datasets/d20eb4ef5dc843bfbb43f67b49e01a3b_0
Siniestros urbanos Maule 2024,Siniestros urbanos,2024,https://mapas-conaset.opendata.arcgis.com/api/download/v1/items/1dfa94776f9c4d03b8301c1d370bc1c1/shapefile?layers=0,https://mapas-conaset.opendata.arcgis.com/api/download/v1/items/1dfa94776f9c4d03b8301c1d370bc1c1/geojson?layers=0,https://mapas-conaset.opendata.arcgis.com/api/download/v1/items/1dfa94776f9c4d03b8301c1d370bc1c1/csv?layers=0,https://mapas-conaset.opendata.arcgis.com/api/download/v1/items/1dfa94776f9c4d03b8301c1d370bc1c1/kml?layers=0,https://services3.arcgis.com/vaJl1B5HEzZj7154/arcgis/rest/services/Siniestros_urbanos_Maule/FeatureServer/0,https://mapas-conaset.opendata.arcgis.com/datasets/1dfa94776f9c4d03b8301c1d370bc1c1_0
Siniestros urbanos Ñuble 2024,Siniestros urbanos,2024,https://mapas-conaset.opendata.arcgis.com/api/download/v1/items/ac2052771c3c4afcab8d9f01435e0e2b/shapefile?layers=0,https://mapas-conaset.opendata.arcgis.com/api/download/v1/items/ac2052771c3c4afcab8d9f01435e0e2b/geojson?layers=0,https://mapas-conaset.opendata.arcgis.com/api/download/v1/items/ac2052771c3c4afcab8d9f01435e0e2b/csv?layers=0,https://mapas-conaset.opendata.arcgis.com/api/download/v1/items/ac2052771c3c4afcab8d9f01435e0e2b/kml?layers=0,https://services3.arcgis.com/vaJl1B5HEzZj7154/arcgis/rest/services/Siniestros_urbanos_%C3%91uble/FeatureServer/0,https://mapas-conaset.opendata.arcgis.com/datasets/ac2052771c3c4afcab8d9f01435e0e2b_0
Siniestros urbanos Metropolitana 2024,Siniestros urbanos,2024,https://mapas-conaset.opendata.arcgis.com/api/download/v1/items/120356e90c6243c487e76077dfba2196/shapefile?layers=0,https://mapas-conaset.opendata.arcgis.com/api/download/v1/items/120356e90c6243c487e76077dfba2196/geojson?layers=0,https://mapas-conaset.opendata.arcgis.com/api/download/v1/items/120356e90c6243c487e76077dfba2196/csv?layers=0,https://mapas-conaset.opendata.arcgis.com/api/download/v1/items/120356e90c6243c487e76077dfba2196/kml?layers=0,https://services3.arcgis.com/vaJl1B5HEzZj7154/arcgis/rest/services/Siniestros_urbanos_Metropolitana/FeatureServer/0,https://mapas-conaset.opendata.arcgis.com/datasets/120356e90c6243c487e76077dfba2196_0
Siniestros urbanos Los Lagos 2024,Siniestros urbanos,2024,https://mapas-conaset.opendata.arcgis.com/api/download/v1/items/72906fce58134c3cb5482e6129a9ff31/shapefile?layers=0,https://mapas-conaset.opendata.arcgis.com/api/download/v1/items/72906fce58134c3cb5482e6129a9ff31/geojson?layers=0,https://mapas-conaset.opendata.arcgis.com/api/download/v1/items/72906fce58134c3cb5482e6129a9ff31/csv?layers=0,https://mapas-conaset.opendata.arcgis.com/api/download/v1/items/72906fce58134c3cb5482e6129a9ff31/kml?layers=0,https://services3.arcgis.com/vaJl1B5HEzZj7154/arcgis/rest/services/Siniestros_urbanos_Los_Lagos/FeatureServer/0,https://mapas-conaset.opendata.arcgis.com/datasets/72906fce58134c3cb5482e6129a9ff31_0
Siniestros urbanos Ohiggins 2024,Siniestros urbanos,2024,https://mapas-conaset.opendata.arcgis.com/api/download/v1/items/19415b3e92a241aea1ad79c57d1b9929/shapefile?layers=0,https://mapas-conaset.opendata.arcgis.com/api/download/v1/items/19415b3e92a241aea1ad79c57d1b9929/geojson?layers=0,https://mapas-conaset.opendata.arcgis.com/api/download/v1/items/19415b3e92a241aea1ad79c57d1b9929/csv?layers=0,https://mapas-conaset.opendata.arcgis.com/api/download/v1/items/19415b3e92a241aea1ad79c57d1b9929/kml?layers=0,https://services3.arcgis.com/vaJl1B5HEzZj7154/arcgis/rest/services/Siniestros_urbanos_Ohiggins/FeatureServer/0,https://mapas-conaset.opendata.arcgis.com/datasets/19415b3e92a241aea1ad79c57d1b9929_0
Siniestros urbanos Tarapaca 2024,Siniestros urbanos,2024,https://mapas-conaset.opendata.arcgis.com/api/download/v1/items/2fbe5896d3bb44e6b1f15b48432205ff/shapefile?layers=0,https://mapas-conaset.opendata.arcgis.com/api/download/v1/items/2fbe5896d3bb44e6b1f15b48432205ff/geojson?layers=0,https://mapas-conaset.opendata.arcgis.com/api/download/v1/items/2fbe5896d3bb44e6b1f15b48432205ff/csv?layers=0,https://mapas-conaset.opendata.arcgis.com/api/download/v1/items/2fbe5896d3bb44e6b1f15b48432205ff/kml?layers=0,https://services3.arcgis.com/vaJl1B5HEzZj7154/arcgis/rest/services/Siniestros_urbanos_Tarapaca/FeatureServer/0,https://mapas-conaset.opendata.arcgis.com/datasets/2fbe5896d3bb44e6b1f15b48432205ff_0
Siniestros urbanos Valparaiso 2024,Siniestros urbanos,2024,https://mapas-conaset.opendata.arcgis.com/api/download/v1/items/c9dbdf54674840249b0e1c3b6b6553f1/shapefile?layers=0,https://mapas-conaset.opendata.arcgis.com/api/download/v1/items/c9dbdf54674840249b0e1c3b6b6553f1/geojson?layers=0,https://mapas-conaset.opendata.arcgis.com/api/download/v1/items/c9dbdf54674840249b0e1c3b6b6553f1/csv?layers=0,https://mapas-conaset.opendata.arcgis.com/api/download/v1/items/c9dbdf54674840249b0e1c3b6b6553f1/kml?layers=0,https://services3.arcgis.com/vaJl1B5HEzZj7154/arcgis/rest/services/Siniestros_urbanos_Valparaiso/FeatureServer/0,https://mapas-conaset.opendata.arcgis.com/datasets/c9dbdf54674840249b0e1c3b6b6553f1_0
Siniestros urbanos La Araucania,Siniestros urbanos,,https://mapas-conaset.opendata.arcgis.com/api/download/v1/items/6369bd8688fc422d883afccc29620f95/shapefile?layers=0,https://mapas-conaset.opendata.arcgis.com/api/download/v1/items/6369bd8688fc422d883afccc29620f95/geojson?layers=0,https://mapas-conaset.opendata.arcgis.com/api/download/v1/items/6369bd8688fc422d883afccc29620f95/csv?layers=0,https://mapas-conaset.opendata.arcgis.com/api/download/v1/items/6369bd8688fc422d883afccc29620f95/kml?layers=0,https://services3.arcgis.com/vaJl1B5HEzZj7154/arcgis/rest/services/Siniestros_urbanos_La_Araucania/FeatureServer/0,https://mapas-conaset.opendata.arcgis.com/datasets/6369bd8688fc422d883afccc29620f95_0
Siniestros urbanos Antofagasta 2024,Siniestros urbanos,2024,https://mapas-conaset.opendata.arcgis.com/api/download/v1/items/ef2dd2baf41b4c71b81b5e2f87e7fb69/shapefile?layers=0,https://mapas-conaset.opendata.arcgis.com/api/download/v1/items/ef2dd2baf41b4c71b81b5e2f87e7fb69/geojson?layers=0,https://mapas-conaset.opendata.arcgis.com/api/download/v1/items/ef2dd2baf41b4c71b81b5e2f87e7fb69/csv?layers=0,https://mapas-conaset.opendata.arcgis.com/api/download/v1/items/ef2dd2baf41b4c71b81b5e2f87e7fb69/kml?layers=0,https://services3.arcgis.com/vaJl1B5HEzZj7154/arcgis/rest/services/Siniestros_urbanos_Antofagasta_2024/FeatureServer/0,https://mapas-conaset.opendata.arcgis.com/datasets/ef2dd2baf41b4c71b81b5e2f87e7fb69_0
"Siniestros de Tránsito en la Región de Bio Bío, 2015-2023",Siniestros transito region multianual,2023,,,,,https://conaset.maps.arcgis.com/apps/webappviewer/index.html?id=66da2ad459994fd68ccac6482d55edfa,https://mapas-conaset.opendata.arcgis.com/apps/66da2ad459994fd68ccac6482d55edfa
Siniestros de Tránsito en la Región de Valparaíso 2015-2023,Siniestros transito region multianual,2023,,,,,https://conaset.maps.arcgis.com/apps/webappviewer/index.html?id=5a0c7adf41cf49399b06040bece22a13,https://mapas-conaset.opendata.arcgis.com/apps/5a0c7adf41cf49399b06040bece22a13
Siniestros individuales REGION VALPARAISO 2023,Siniestros individuales,2023,https://mapas-conaset.opendata.arcgis.com/api/download/v1/items/49d6f7b779334f70a1ca161811c52873/shapefile?layers=0,https://mapas-conaset.opendata.arcgis.com/api/download/v1/items/49d6f7b779334f70a1ca161811c52873/geojson?layers=0,https://mapas-conaset.opendata.arcgis.com/api/download/v1/items/49d6f7b779334f70a1ca161811c52873/csv?layers=0,https://mapas-conaset.opendata.arcgis.com/api/download/v1/items/49d6f7b779334f70a1ca161811c52873/kml?layers=0,https://services3.arcgis.com/vaJl1B5HEzZj7154/arcgis/rest/services/Siniestros_individuales_REGION_VALPARAISO_2023/FeatureServer/0,https://mapas-conaset.opendata.arcgis.com/datasets/49d6f7b779334f70a1ca161811c52873_0
Siniestros individuales REGION TARAPACA 2023,Siniestros individuales,2023,https://mapas-conaset.opendata.arcgis.com/api/download/v1/items/3ff7109fa8644dd290069534c7efc61c/shapefile?layers=0,https://mapas-conaset.opendata.arcgis.com/api/download/v1/items/3ff7109fa8644dd290069534c7efc61c/geojson?layers=0,https://mapas-conaset.opendata.arcgis.com/api/download/v1/items/3ff7109fa8644dd290069534c7efc61c/csv?layers=0,https://mapas-conaset.opendata.arcgis.com/api/download/v1/items/3ff7109fa8644dd290069534c7efc61c/kml?layers=0,https://services3.arcgis.com/vaJl1B5HEzZj7154/arcgis/rest/services/Siniestros_individuales_REGION_TARAPACA_2023/FeatureServer/0,https://mapas-conaset.opendata.arcgis.com/datasets/3ff7109fa8644dd290069534c7efc61c_0
Siniestros individuales REGION ÑUBLE 2023,Siniestros individuales,2023,https://mapas-conaset.opendata.arcgis.com/api/download/v1/items/50f454589c894aac97f69bc8f4eb9f5b/shapefile?layers=0,https://mapas-conaset.opendata.arcgis.com/api/download/v1/items/50f454589c894aac97f69bc8f4eb9f5b/geojson?layers=0,https://mapas-conaset.opendata.arcgis.com/api/download/v1/items/50f454589c894aac97f69bc8f4eb9f5b/csv?layers=0,https://mapas-conaset.opendata.arcgis.com/api/download/v1/items/50f454589c894aac97f69bc8f4eb9f5b/kml?layers=0,https://services3.arcgis.com/vaJl1B5HEzZj7154/arcgis/rest/services/Siniestros_individuales_REGION_%C3%91UBLE_2023/FeatureServer/0,https://mapas-conaset.opendata.arcgis.com/datasets/50f454589c894aac97f69bc8f4eb9f5b_0
Siniestros individuales REGION MAULE 2023,Siniestros individuales,2023,https://mapas-conaset.opendata.arcgis.com/api/download/v1/items/d67cb0bafee5437a88397e3be1c23004/shapefile?layers=0,https://mapas-conaset.opendata.arcgis.com/api/download/v1/items/d67cb0bafee5437a88397e3be1c23004/geojson?layers=0,https://mapas-conaset.opendata.arcgis.com/api/download/v1/items/d67cb0bafee5437a88397e3be1c23004/csv?layers=0,https://mapas-conaset.opendata.arcgis.com/api/download/v1/items/d67cb0bafee5437a88397e3be1c23004/kml?layers=0,https://services3.arcgis.com/vaJl1B5HEzZj7154/arcgis/rest/services/Siniestros_individuales_REGION_MAULE_2023/FeatureServer/0,https://mapas-conaset.opendata.arcgis.com/datasets/d67cb0bafee5437a88397e3be1c23004_0
Siniestros individuales REGION MAGALLANES Y ANTARTICA CHILENA 2023,Siniestros individuales,2023,https://mapas-conaset.opendata.arcgis.com/api/download/v1/items/8583467baf344e2382a9795312ed45ec/shapefile?layers=0,https://mapas-conaset.opendata.arcgis.com/api/download/v1/items/8583467baf344e2382a9795312ed45ec/geojson?layers=0,https://mapas-conaset.opendata.arcgis.com/api/download/v1/items/8583467baf344e2382a9795312ed45ec/csv?layers=0,https://mapas-conaset.opendata.arcgis.com/api/download/v1/items/8583467baf344e2382a9795312ed45ec/kml?layers=0,https://services3.arcgis.com/vaJl1B5HEzZj7154/arcgis/rest/services/Siniestros_individuales_REGION_MAGALLANES_Y_ANTARTICA_CHILENA_2023/FeatureServer/0,https://mapas-conaset.opendata.arcgis.com/datasets/8583467baf344e2382a9795312ed45ec_0
Siniestros individuales REGION LOS LAGOS 2023,Siniestros individuales,2023,https://mapas-conaset.opendata.arcgis.com/api/download/v1/items/fdec6e7b11ea419fa76bbe7ba74aede3/shapefile?layers=0,https://mapas-conaset.opendata.arcgis.com/api/download/v1/items/fdec6e7b11ea419fa76bbe7ba74aede3/geojson?layers=0,https://mapas-conaset.opendata.arcgis.com/api/download/v1/items/fdec6e7b11ea419fa76bbe7ba74aede3/csv?layers=0,https://mapas-conaset.opendata.arcgis.com/api/download/v1/items/fdec6e7b11ea419fa76bbe7ba74aede3/kml?layers=0,https://services3.arcgis.com/vaJl1B5HEzZj7154/arcgis/rest/services/SIniestros_individuales_REGION_LOS_LAGOS_2023/FeatureServer/0,https://mapas-conaset.opendata.arcgis.com/datasets/fdec6e7b11ea419fa76bbe7ba74aede3_0
Siniestros individuales REGION LIB B OHIGGINS 2023,Siniestros individuales,2023,https://mapas-conaset.opendata.arcgis.com/api/download/v1/items/01b2abc6c8924b82a3beb55aec39b4a4/shapefile?layers=0,https://mapas-conaset.opendata.arcgis.com/api/download/v1/items/01b2abc6c8924b82a3beb55aec39b4a4/geojson?layers=0,https://mapas-conaset.opendata.arcgis.com/api/download/v1/items/01b2abc6c8924b82a3beb55aec39b4a4/csv?layers=0,https://mapas-conaset.opendata.arcgis.com/api/download/v1/items/01b2abc6c8924b82a3beb55aec39b4a4/kml?layers=0,https://services3.arcgis.com/vaJl1B5HEzZj7154/arcgis/rest/services/Siniestros_individuales_REGION_LIB_B_OHIGGINS_2023/FeatureServer/0,https://mapas-conaset.opendata.arcgis.com/datasets/01b2abc6c8924b82a3beb55aec39b4a4_0
Siniestros individuales REGION DE LOS RIOS 2023,Siniestros individuales,2023,https://mapas-conaset.opendata.arcgis.com/api/download/v1/items/c7d0757ea336400ab841b348934001fd/shapefile?layers=0,https://mapas-conaset.opendata.arcgis.com/api/download/v1/items/c7d0757ea336400ab841b348934001fd/geojson?layers=0,https://mapas-conaset.opendata.arcgis.com/api/download/v1/items/c7d0757ea336400ab841b348934001fd/csv?layers=0,https://mapas-conaset.opendata.arcgis.com/api/download/v1/items/c7d0757ea336400ab841b348934001fd/kml?layers=0,https://services3.arcgis.com/vaJl1B5HEzZj7154/arcgis/rest/services/Siniestros_individuales_REGION_DE_LOS_RIOS_2023/FeatureServer/0,https://mapas-conaset.opendata.arcgis.com/datasets/c7d0757ea336400ab841b348934001fd_0
Siniestros individuales REGION COQUIMBO 2023,Siniestros individuales,2023,https://mapas-conaset.opendata.arcgis.com/api/download/v1/items/0afcb687e0a44a5b998b118ae9c1d603/shapefile?layers=0,https://mapas-conaset.opendata.arcgis.com/api/download/v1/items/0afcb687e0a44a5b998b118ae9c1d603/geojson?layers=0,https://mapas-conaset.opendata.arcgis.com/api/download/v1/items/0afcb687e0a44a5b998b118ae9c1d603/csv?layers=0,https://mapas-conaset.opendata.arcgis.com/api/download/v1/items/0afcb687e0a44a5b998b118ae9c1d603/kml?layers=0,https://services3.arcgis.com/vaJl1B5HEzZj7154/arcgis/rest/services/Siniestros_individuales_REGION_COQUIMBO_2023/FeatureServer/0,https://mapas-conaset.opendata.arcgis.com/datasets/0afcb687e0a44a5b998b118ae9c1d603_0
SIniestros individuales REGION DEL BIO BIO 2023,Siniestros individuales,2023,https://mapas-conaset.opendata.arcgis.com/api/download/v1/items/1a7204b9977647b79f6a286e2a03f302/shapefile?layers=0,https://mapas-conaset.opendata.arcgis.com/api/download/v1/items/1a7204b9977647b79f6a286e2a03f302/geojson?layers=0,https://mapas-conaset.opendata.arcgis.com/api/download/v1/items/1a7204b9977647b79f6a286e2a03f302/csv?layers=0,https://mapas-conaset.opendata.arcgis.com/api/download/v1/items/1a7204b9977647b79f6a286e2a03f302/kml?layers=0,https://services3.arcgis.com/vaJl1B5HEzZj7154/arcgis/rest/services/SIniestros_individuales_REGION_DEL_BIO_BIO_2023/FeatureServer/0,https://mapas-conaset.opendata.arcgis.com/datasets/1a7204b9977647b79f6a286e2a03f302_0
Siniestros individuales REGION AYSEN DEL GRL  CARLOS IBAÑEZ DEL CAMPO 2023,Siniestros individuales,2023,https://mapas-conaset.opendata.arcgis.com/api/download/v1/items/69d4ad1c6c5f4277b45a9daa33bc330a/shapefile?layers=0,https://mapas-conaset.opendata.arcgis.com/api/download/v1/items/69d4ad1c6c5f4277b45a9daa33bc330a/geojson?layers=0,https://mapas-conaset.opendata.arcgis.com/api/download/v1/items/69d4ad1c6c5f4277b45a9daa33bc330a/csv?layers=0,https://mapas-conaset.opendata.arcgis.com/api/download/v1/items/69d4ad1c6c5f4277b45a9daa33bc330a/kml?layers=0,https://services3.arcgis.com/vaJl1B5HEzZj7154/arcgis/rest/services/Siniestros_individuales_REGION_AYSEN_DEL_GRL__CARLOS_IBA%C3%91EZ_DEL_CAMPO_2023/FeatureServer/0,https://mapas-conaset.opendata.arcgis.com/datasets/69d4ad1c6c5f4277b45a9daa33bc330a_0
Siniestros individuales REGION ATACAMA 2023,Siniestros individuales,2023,https://mapas-conaset.opendata.arcgis.com/api/download/v1/items/1da8159c840b444a82275278d6a61c3a/shapefile?layers=0,https://mapas-conaset.opendata.arcgis.com/api/download/v1/items/1da8159c840b444a82275278d6a61c3a/geojson?layers=0,https://mapas-conaset.opendata.arcgis.com/api/download/v1/items/1da8159c840b444a82275278d6a61c3a/csv?layers=0,https://mapas-conaset.opendata.arcgis.com/api/download/v1/items/1da8159c840b444a82275278d6a61c3a/kml?layers=0,https://services3.arcgis.com/vaJl1B5HEzZj7154/arcgis/rest/services/REGION_ATACAMA/FeatureServer/0,https://mapas-conaset.opendata.arcgis.com/datasets/1da8159c840b444a82275278d6a61c3a_0
Siniestros individuales REGION LA ARAUCANIA 2023,Siniestros individuales,2023,https://mapas-conaset.opendata.arcgis.com/api/download/v1/items/fb67bbc24c504ebeaf4549a52aec0a1e/shapefile?layers=0,https://mapas-conaset.opendata.arcgis.com/api/download/v1/items/fb67bbc24c504ebeaf4549a52aec0a1e/geojson?layers=0,https://mapas-conaset.opendata.arcgis.com/api/download/v1/items/fb67bbc24c504ebeaf4549a52aec0a1e/csv?layers=0,https://mapas-conaset.opendata.arcgis.com/api/download/v1/items/fb67bbc24c504ebeaf4549a52aec0a1e/kml?layers=0,https://services3.arcgis.com/vaJl1B5HEzZj7154/arcgis/rest/services/Siniestros_individuales_REGION_LA_ARAUCANIA_2023/FeatureServer/0,https://mapas-conaset.opendata.arcgis.com/datasets/fb67bbc24c504ebeaf4549a52aec0a1e_0
Siniestros individuales REGION ANTOFAGASTA 2023,Siniestros individuales,2023,https://mapas-conaset.opendata.arcgis.com/api/download/v1/items/995b2258a5ae49bab02ba26d33fb3efc/shapefile?layers=0,https://mapas-conaset.opendata.arcgis.com/api/download/v1/items/995b2258a5ae49bab02ba26d33fb3efc/geojson?layers=0,https://mapas-conaset.opendata.arcgis.com/api/download/v1/items/995b2258a5ae49bab02ba26d33fb3efc/csv?layers=0,https://mapas-conaset.opendata.arcgis.com/api/download/v1/items/995b2258a5ae49bab02ba26d33fb3efc/kml?layers=0,https://services3.arcgis.com/vaJl1B5HEzZj7154/arcgis/rest/services/Siniestros_individuales_REGION_ANTOFAGASTA_2023/FeatureServer/0,https://mapas-conaset.opendata.arcgis.com/datasets/995b2258a5ae49bab02ba26d33fb3efc_0
Siniestros individuales REGION ARICA Y PARINACOTA 2023,Siniestros individuales,2023,https://mapas-conaset.opendata.arcgis.com/api/download/v1/items/b59230f63d014f4ca0b7b1abb96f2807/shapefile?layers=0,https://mapas-conaset.opendata.arcgis.com/api/download/v1/items/b59230f63d014f4ca0b7b1abb96f2807/geojson?layers=0,https://mapas-conaset.opendata.arcgis.com/api/download/v1/items/b59230f63d014f4ca0b7b1abb96f2807/csv?layers=0,https://mapas-conaset.opendata.arcgis.com/api/download/v1/items/b59230f63d014f4ca0b7b1abb96f2807/kml?layers=0,https://services3.arcgis.com/vaJl1B5HEzZj7154/arcgis/rest/services/Siniestros_individuales_REGION_ARICA_Y_PARINACOTA_2023/FeatureServer/0,https://mapas-conaset.opendata.arcgis.com/datasets/b59230f63d014f4ca0b7b1abb96f2807_0
Siniestros de tránsito - Región de Valparaíso - 2020,Siniestros transito region multianual,2020,https://mapas-conaset.opendata.arcgis.com/api/download/v1/items/8400130d28e64980b5304926de9a91b2/shapefile?layers=0,https://mapas-conaset.opendata.arcgis.com/api/download/v1/items/8400130d28e64980b5304926de9a91b2/geojson?layers=0,https://mapas-conaset.opendata.arcgis.com/api/download/v1/items/8400130d28e64980b5304926de9a91b2/csv?layers=0,https://mapas-conaset.opendata.arcgis.com/api/download/v1/items/8400130d28e64980b5304926de9a91b2/kml?layers=0,https://services3.arcgis.com/vaJl1B5HEzZj7154/arcgis/rest/services/Siniestros_Valpo2020_agrupado/FeatureServer/0,https://mapas-conaset.opendata.arcgis.com/datasets/8400130d28e64980b5304926de9a91b2_0
Siniestros de tránsito - Región de Valparaíso - 2016,Siniestros transito region multianual,2016,https://mapas-conaset.opendata.arcgis.com/api/download/v1/items/1179a2e6385c406397b174957cf3a53e/shapefile?layers=0,https://mapas-conaset.opendata.arcgis.com/api/download/v1/items/1179a2e6385c406397b174957cf3a53e/geojson?layers=0,https://mapas-conaset.opendata.arcgis.com/api/download/v1/items/1179a2e6385c406397b174957cf3a53e/csv?layers=0,https://mapas-conaset.opendata.arcgis.com/api/download/v1/items/1179a2e6385c406397b174957cf3a53e/kml?layers=0,https://services3.arcgis.com/vaJl1B5HEzZj7154/arcgis/rest/services/SiniestrosValpo2016_agrupado/FeatureServer/0,https://mapas-conaset.opendata.arcgis.com/datasets/1179a2e6385c406397b174957cf3a53e_0
Siniestros de tránsito - Región del Biobío - 2015,Siniestros transito region multianual,2015,https://mapas-conaset.opendata.arcgis.com/api/download/v1/items/5539cd2bdfbb45e3972aee4a331fbbe9/shapefile?layers=0,https://mapas-conaset.opendata.arcgis.com/api/download/v1/items/5539cd2bdfbb45e3972aee4a331fbbe9/geojson?layers=0,https://mapas-conaset.opendata.arcgis.com/api/download/v1/items/5539cd2bdfbb45e3972aee4a331fbbe9/csv?layers=0,https://mapas-conaset.opendata.arcgis.com/api/download/v1/items/5539cd2bdfbb45e3972aee4a331fbbe9/kml?layers=0,https://services3.arcgis.com/vaJl1B5HEzZj7154/arcgis/rest/services/SiniestrosBiobio2015_agrupado/FeatureServer/0,https://mapas-conaset.opendata.arcgis.com/datasets/5539cd2bdfbb45e3972aee4a331fbbe9_0
Siniestros de tránsito - Región de Valparaíso - 2015,Siniestros transito region multianual,2015,https://mapas-conaset.opendata.arcgis.com/api/download/v1/items/3489bc66f1dd477696b8ce43c8aa8699/shapefile?layers=0,https://mapas-conaset.opendata.arcgis.com/api/download/v1/items/3489bc66f1dd477696b8ce43c8aa8699/geojson?layers=0,https://mapas-conaset.opendata.arcgis.com/api/download/v1/items/3489bc66f1dd477696b8ce43c8aa8699/csv?layers=0,https://mapas-conaset.opendata.arcgis.com/api/download/v1/items/3489bc66f1dd477696b8ce43c8aa8699/kml?layers=0,https://services3.arcgis.com/vaJl1B5HEzZj7154/arcgis/rest/services/SiniestrosValpo2015_agrupado/FeatureServer/0,https://mapas-conaset.opendata.arcgis.com/datasets/3489bc66f1dd477696b8ce43c8aa8699_0
Siniestros de tránsito - Región del Biobío - 2016,Siniestros transito region multianual,2016,https://mapas-conaset.opendata.arcgis.com/api/download/v1/items/eccf503e6b934ca987f1ea2cd1db4ee3/shapefile?layers=0,https://mapas-conaset.opendata.arcgis.com/api/download/v1/items/eccf503e6b934ca987f1ea2cd1db4ee3/geojson?layers=0,https://mapas-conaset.opendata.arcgis.com/api/download/v1/items/eccf503e6b934ca987f1ea2cd1db4ee3/csv?layers=0,https://mapas-conaset.opendata.arcgis.com/api/download/v1/items/eccf503e6b934ca987f1ea2cd1db4ee3/kml?layers=0,https://services3.arcgis.com/vaJl1B5HEzZj7154/arcgis/rest/services/SiniestrosBiobio2016_agrupado/FeatureServer/0,https://mapas-conaset.opendata.arcgis.com/datasets/eccf503e6b934ca987f1ea2cd1db4ee3_0
2020 - Araucania - Siniestros Individuales,Siniestros individuales,2020,https://mapas-conaset.opendata.arcgis.com/api/download/v1/items/867612389baa4aa3969469208d0e72b1/shapefile?layers=0,https://mapas-conaset.opendata.arcgis.com/api/download/v1/items/867612389baa4aa3969469208d0e72b1/geojson?layers=0,https://mapas-conaset.opendata.arcgis.com/api/download/v1/items/867612389baa4aa3969469208d0e72b1/csv?layers=0,https://mapas-conaset.opendata.arcgis.com/api/download/v1/items/867612389baa4aa3969469208d0e72b1/kml?layers=0,https://services3.arcgis.com/vaJl1B5HEzZj7154/arcgis/rest/services/Siniestros_Araucania2020/FeatureServer/0,https://mapas-conaset.opendata.arcgis.com/datasets/867612389baa4aa3969469208d0e72b1_0
2020 - Aysén del General Carlos Ibáñez del Campo - Siniestros Individuales,Siniestros individuales,2020,https://mapas-conaset.opendata.arcgis.com/api/download/v1/items/371dcb4a4dd84adcb99804f83a7ba6c6/shapefile?layers=0,https://mapas-conaset.opendata.arcgis.com/api/download/v1/items/371dcb4a4dd84adcb99804f83a7ba6c6/geojson?layers=0,https://mapas-conaset.opendata.arcgis.com/api/download/v1/items/371dcb4a4dd84adcb99804f83a7ba6c6/csv?layers=0,https://mapas-conaset.opendata.arcgis.com/api/download/v1/items/371dcb4a4dd84adcb99804f83a7ba6c6/kml?layers=0,https://services3.arcgis.com/vaJl1B5HEzZj7154/arcgis/rest/services/Siniestros_Aysen2020/FeatureServer/0,https://mapas-conaset.opendata.arcgis.com/datasets/371dcb4a4dd84adcb99804f83a7ba6c6_0
2020 - Los Lagos - Siniestros Individuales,Siniestros individuales,2020,https://mapas-conaset.opendata.arcgis.com/api/download/v1/items/c2c9de6b3bcb423a9a69adc875c628c4/shapefile?layers=0,https://mapas-conaset.opendata.arcgis.com/api/download/v1/items/c2c9de6b3bcb423a9a69adc875c628c4/geojson?layers=0,https://mapas-conaset.opendata.arcgis.com/api/download/v1/items/c2c9de6b3bcb423a9a69adc875c628c4/csv?layers=0,https://mapas-conaset.opendata.arcgis.com/api/download/v1/items/c2c9de6b3bcb423a9a69adc875c628c4/kml?layers=0,https://services3.arcgis.com/vaJl1B5HEzZj7154/arcgis/rest/services/Siniestros_LosLagos2020/FeatureServer/0,https://mapas-conaset.opendata.arcgis.com/datasets/c2c9de6b3bcb423a9a69adc875c628c4_0
2020 - Libertador Bernardo O'Higgins - Siniestros Individuales,Siniestros individuales,2020,https://mapas-conaset.opendata.arcgis.com/api/download/v1/items/957560ece9644e59bba278b786abfd56/shapefile?layers=0,https://mapas-conaset.opendata.arcgis.com/api/download/v1/items/957560ece9644e59bba278b786abfd56/geojson?layers=0,https://mapas-conaset.opendata.arcgis.com/api/download/v1/items/957560ece9644e59bba278b786abfd56/csv?layers=0,https://mapas-conaset.opendata.arcgis.com/api/download/v1/items/957560ece9644e59bba278b786abfd56/kml?layers=0,https://services3.arcgis.com/vaJl1B5HEzZj7154/arcgis/rest/services/Siniestros_LiberBO2020/FeatureServer/0,https://mapas-conaset.opendata.arcgis.com/datasets/957560ece9644e59bba278b786abfd56_0
2020 - Los Ríos - Siniestros Individuales,Siniestros individuales,2020,https://mapas-conaset.opendata.arcgis.com/api/download/v1/items/5d20b84dda57449bac75e7860f0008c9/shapefile?layers=0,https://mapas-conaset.opendata.arcgis.com/api/download/v1/items/5d20b84dda57449bac75e7860f0008c9/geojson?layers=0,https://mapas-conaset.opendata.arcgis.com/api/download/v1/items/5d20b84dda57449bac75e7860f0008c9/csv?layers=0,https://mapas-conaset.opendata.arcgis.com/api/download/v1/items/5d20b84dda57449bac75e7860f0008c9/kml?layers=0,https://services3.arcgis.com/vaJl1B5HEzZj7154/arcgis/rest/services/Siniestros_LosRios2020/FeatureServer/0,https://mapas-conaset.opendata.arcgis.com/datasets/5d20b84dda57449bac75e7860f0008c9_0
2020 - Magallanes y la Antartica Chilena - Siniestros Individuales,Siniestros individuales,2020,https://mapas-conaset.opendata.arcgis.com/api/download/v1/items/5736d4cce0e24f39be8c2e17b0573577/shapefile?layers=0,https://mapas-conaset.opendata.arcgis.com/api/download/v1/items/5736d4cce0e24f39be8c2e17b0573577/geojson?layers=0,https://mapas-conaset.opendata.arcgis.com/api/download/v1/items/5736d4cce0e24f39be8c2e17b0573577/csv?layers=0,https://mapas-conaset.opendata.arcgis.com/api/download/v1/items/5736d4cce0e24f39be8c2e17b0573577/kml?layers=0,https://services3.arcgis.com/vaJl1B5HEzZj7154/arcgis/rest/services/Siniestros_Magallanes2020/FeatureServer/0,https://mapas-conaset.opendata.arcgis.com/datasets/5736d4cce0e24f39be8c2e17b0573577_0
2020 - Maule - Siniestros Individuales,Siniestros individuales,2020,https://mapas-conaset.opendata.arcgis.com/api/download/v1/items/34f75500315a4a59a816fb468178c093/shapefile?layers=0,https://mapas-conaset.opendata.arcgis.com/api/download/v1/items/34f75500315a4a59a816fb468178c093/geojson?layers=0,https://mapas-conaset.opendata.arcgis.com/api/download/v1/items/34f75500315a4a59a816fb468178c093/csv?layers=0,https://mapas-conaset.opendata.arcgis.com/api/download/v1/items/34f75500315a4a59a816fb468178c093/kml?layers=0,https://services3.arcgis.com/vaJl1B5HEzZj7154/arcgis/rest/services/Siniestros_Maule2020/FeatureServer/0,https://mapas-conaset.opendata.arcgis.com/datasets/34f75500315a4a59a816fb468178c093_0
2020 - Antofagasta - Siniestros Individuales,Siniestros individuales,2020,https://mapas-conaset.opendata.arcgis.com/api/download/v1/items/5169f61c547e4be9acbc8c4a7b778821/shapefile?layers=0,https://mapas-conaset.opendata.arcgis.com/api/download/v1/items/5169f61c547e4be9acbc8c4a7b778821/geojson?layers=0,https://mapas-conaset.opendata.arcgis.com/api/download/v1/items/5169f61c547e4be9acbc8c4a7b778821/csv?layers=0,https://mapas-conaset.opendata.arcgis.com/api/download/v1/items/5169f61c547e4be9acbc8c4a7b778821/kml?layers=0,https://services3.arcgis.com/vaJl1B5HEzZj7154/arcgis/rest/services/Siniestros_TransitoAntofagasta2020/FeatureServer/0,https://mapas-conaset.opendata.arcgis.com/datasets/5169f61c547e4be9acbc8c4a7b778821_0
2020 - Arica y Parinacota - Siniestros Individuales,Siniestros individuales,2020,https://mapas-conaset.opendata.arcgis.com/api/download/v1/items/74a0531e635d459aac4238289ec21fdd/shapefile?layers=0,https://mapas-conaset.opendata.arcgis.com/api/download/v1/items/74a0531e635d459aac4238289ec21fdd/geojson?layers=0,https://mapas-conaset.opendata.arcgis.com/api/download/v1/items/74a0531e635d459aac4238289ec21fdd/csv?layers=0,https://mapas-conaset.opendata.arcgis.com/api/download/v1/items/74a0531e635d459aac4238289ec21fdd/kml?layers=0,https://services3.arcgis.com/vaJl1B5HEzZj7154/arcgis/rest/services/Siniestros_TransitoAricaParinacota2020/FeatureServer/0,https://mapas-conaset.opendata.arcgis.com/datasets/74a0531e635d459aac4238289ec21fdd_0
2020 - Atacama - Siniestros Individuales,Siniestros individuales,2020,https://mapas-conaset.opendata.arcgis.com/api/download/v1/items/77e5416a57a54a749e41fda5c2d4ae33/shapefile?layers=0,https://mapas-conaset.opendata.arcgis.com/api/download/v1/items/77e5416a57a54a749e41fda5c2d4ae33/geojson?layers=0,https://mapas-conaset.opendata.arcgis.com/api/download/v1/items/77e5416a57a54a749e41fda5c2d4ae33/csv?layers=0,https://mapas-conaset.opendata.arcgis.com/api/download/v1/items/77e5416a57a54a749e41fda5c2d4ae33/kml?layers=0,https://services3.arcgis.com/vaJl1B5HEzZj7154/arcgis/rest/services/Siniestros_TransitoAtacama2020/FeatureServer/0,https://mapas-conaset.opendata.arcgis.com/datasets/77e5416a57a54a749e41fda5c2d4ae33_0
2018 - Atacama - Siniestros Individuales,Siniestros individuales,2018,https://mapas-conaset.opendata.arcgis.com/api/download/v1/items/d1b31e936dde4cc8ab9608cd584065b4/shapefile?layers=0,https://mapas-conaset.opendata.arcgis.com/api/download/v1/items/d1b31e936dde4cc8ab9608cd584065b4/geojson?layers=0,https://mapas-conaset.opendata.arcgis.com/api/download/v1/items/d1b31e936dde4cc8ab9608cd584065b4/csv?layers=0,https://mapas-conaset.opendata.arcgis.com/api/download/v1/items/d1b31e936dde4cc8ab9608cd584065b4/kml?layers=0,https://services3.arcgis.com/vaJl1B5HEzZj7154/arcgis/rest/services/Siniestros_TransitoAtacama2018/FeatureServer/0,https://mapas-conaset.opendata.arcgis.com/datasets/d1b31e936dde4cc8ab9608cd584065b4_0
2020 - Coquimbo - Siniestros Individuales,Siniestros individuales,2020,https://mapas-conaset.opendata.arcgis.com/api/download/v1/items/ae31e2e2ad814089b31f65f21210cab4/shapefile?layers=0,https://mapas-conaset.opendata.arcgis.com/api/download/v1/items/ae31e2e2ad814089b31f65f21210cab4/geojson?layers=0,https://mapas-conaset.opendata.arcgis.com/api/download/v1/items/ae31e2e2ad814089b31f65f21210cab4/csv?layers=0,https://mapas-conaset.opendata.arcgis.com/api/download/v1/items/ae31e2e2ad814089b31f65f21210cab4/kml?layers=0,https://services3.arcgis.com/vaJl1B5HEzZj7154/arcgis/rest/services/Siniestros_TransitoCoquimbo2020/FeatureServer/0,https://mapas-conaset.opendata.arcgis.com/datasets/ae31e2e2ad814089b31f65f21210cab4_0
2018 - Coquimbo - Siniestros Individuales,Siniestros individuales,2018,https://mapas-conaset.opendata.arcgis.com/api/download/v1/items/4fc0427c6b5546f79a8decacd80d7f97/shapefile?layers=0,https://mapas-conaset.opendata.arcgis.com/api/download/v1/items/4fc0427c6b5546f79a8decacd80d7f97/geojson?layers=0,https://mapas-conaset.opendata.arcgis.com/api/download/v1/items/4fc0427c6b5546f79a8decacd80d7f97/csv?layers=0,https://mapas-conaset.opendata.arcgis.com/api/download/v1/items/4fc0427c6b5546f79a8decacd80d7f97/kml?layers=0,https://services3.arcgis.com/vaJl1B5HEzZj7154/arcgis/rest/services/Siniestros_TransitoCoquimbo2018/FeatureServer/0,https://mapas-conaset.opendata.arcgis.com/datasets/4fc0427c6b5546f79a8decacd80d7f97_0
2018 - Los Lagos - Siniestros Individuales,Siniestros individuales,2018,https://mapas-conaset.opendata.arcgis.com/api/download/v1/items/55365052765c4b319063de05a9221df4/shapefile?layers=0,https://mapas-conaset.opendata.arcgis.com/api/download/v1/items/55365052765c4b319063de05a9221df4/geojson?layers=0,https://mapas-conaset.opendata.arcgis.com/api/download/v1/items/55365052765c4b319063de05a9221df4/csv?layers=0,https://mapas-conaset.opendata.arcgis.com/api/download/v1/items/55365052765c4b319063de05a9221df4/kml?layers=0,https://services3.arcgis.com/vaJl1B5HEzZj7154/arcgis/rest/services/Siniestros_LosLagos2018/FeatureServer/0,https://mapas-conaset.opendata.arcgis.com/datasets/55365052765c4b319063de05a9221df4_0
2020 - Ñuble - Siniestros Individuales,Siniestros individuales,2020,https://mapas-conaset.opendata.arcgis.com/api/download/v1/items/e03e3be3630343beb19f7ef417c50564/shapefile?layers=0,https://mapas-conaset.opendata.arcgis.com/api/download/v1/items/e03e3be3630343beb19f7ef417c50564/geojson?layers=0,https://mapas-conaset.opendata.arcgis.com/api/download/v1/items/e03e3be3630343beb19f7ef417c50564/csv?layers=0,https://mapas-conaset.opendata.arcgis.com/api/download/v1/items/e03e3be3630343beb19f7ef417c50564/kml?layers=0,https://services3.arcgis.com/vaJl1B5HEzZj7154/arcgis/rest/services/Siniestros_%C3%91uble2020/FeatureServer/0,https://mapas-conaset.opendata.arcgis.com/datasets/e03e3be3630343beb19f7ef417c50564_0
2018 - Tarapaca - Siniestros Individuales,Siniestros individuales,2018,https://mapas-conaset.opendata.arcgis.com/api/download/v1/items/b01b149142324cc78f3e15ddf010249b/shapefile?layers=0,https://mapas-conaset.opendata.arcgis.com/api/download/v1/items/b01b149142324cc78f3e15ddf010249b/geojson?layers=0,https://mapas-conaset.opendata.arcgis.com/api/download/v1/items/b01b149142324cc78f3e15ddf010249b/csv?layers=0,https://mapas-conaset.opendata.arcgis.com/api/download/v1/items/b01b149142324cc78f3e15ddf010249b/kml?layers=0,https://services3.arcgis.com/vaJl1B5HEzZj7154/arcgis/rest/services/Siniestros_TransitoTarapaca2018/FeatureServer/0,https://mapas-conaset.opendata.arcgis.com/datasets/b01b149142324cc78f3e15ddf010249b_0
2020 - Tarapaca - Siniestros Individuales,Siniestros individuales,2020,https://mapas-conaset.opendata.arcgis.com/api/download/v1/items/dfea0ebe559b422cbc8700ceca5a0752/shapefile?layers=0,https://mapas-conaset.opendata.arcgis.com/api/download/v1/items/dfea0ebe559b422cbc8700ceca5a0752/geojson?layers=0,https://mapas-conaset.opendata.arcgis.com/api/download/v1/items/dfea0ebe559b422cbc8700ceca5a0752/csv?layers=0,https://mapas-conaset.opendata.arcgis.com/api/download/v1/items/dfea0ebe559b422cbc8700ceca5a0752/kml?layers=0,https://services3.arcgis.com/vaJl1B5HEzZj7154/arcgis/rest/services/Siniestros_TransitoTarapaca2020/FeatureServer/0,https://mapas-conaset.opendata.arcgis.com/datasets/dfea0ebe559b422cbc8700ceca5a0752_0
2018 - Metropolitana - Siniestros Individuales,Siniestros individuales,2018,https://mapas-conaset.opendata.arcgis.com/api/download/v1/items/3a084373b58b45d0ae01d9c14a231cf8/shapefile?layers=0,https://mapas-conaset.opendata.arcgis.com/api/download/v1/items/3a084373b58b45d0ae01d9c14a231cf8/geojson?layers=0,https://mapas-conaset.opendata.arcgis.com/api/download/v1/items/3a084373b58b45d0ae01d9c14a231cf8/csv?layers=0,https://mapas-conaset.opendata.arcgis.com/api/download/v1/items/3a084373b58b45d0ae01d9c14a231cf8/kml?layers=0,https://services3.arcgis.com/vaJl1B5HEzZj7154/arcgis/rest/services/SiniestrosRM2018/FeatureServer/0,https://mapas-conaset.opendata.arcgis.com/datasets/3a084373b58b45d0ae01d9c14a231cf8_0
2020 - Metropolitana - Siniestros Individuales,Siniestros individuales,2020,https://mapas-conaset.opendata.arcgis.com/api/download/v1/items/213520f62eb443dd9bdc3398c617a811/shapefile?layers=0,https://mapas-conaset.opendata.arcgis.com/api/download/v1/items/213520f62eb443dd9bdc3398c617a811/geojson?layers=0,https://mapas-conaset.opendata.arcgis.com/api/download/v1/items/213520f62eb443dd9bdc3398c617a811/csv?layers=0,https://mapas-conaset.opendata.arcgis.com/api/download/v1/items/213520f62eb443dd9bdc3398c617a811/kml?layers=0,https://services3.arcgis.com/vaJl1B5HEzZj7154/arcgis/rest/services/SiniestrosRM2020_final/FeatureServer/0,https://mapas-conaset.opendata.arcgis.com/datasets/213520f62eb443dd9bdc3398c617a811_0
2018 - Valparaíso - Siniestros Individuales,Siniestros individuales,2018,https://mapas-conaset.opendata.arcgis.com/api/download/v1/items/7a8dc3e80a674553af4f018736fad72c/shapefile?layers=0,https://mapas-conaset.opendata.arcgis.com/api/download/v1/items/7a8dc3e80a674553af4f018736fad72c/geojson?layers=0,https://mapas-conaset.opendata.arcgis.com/api/download/v1/items/7a8dc3e80a674553af4f018736fad72c/csv?layers=0,https://mapas-conaset.opendata.arcgis.com/api/download/v1/items/7a8dc3e80a674553af4f018736fad72c/kml?layers=0,https://services3.arcgis.com/vaJl1B5HEzZj7154/arcgis/rest/services/Siniestros_Valpo2018/FeatureServer/0,https://mapas-conaset.opendata.arcgis.com/datasets/7a8dc3e80a674553af4f018736fad72c_0
2020 - Valparaíso - Siniestros Individuales,Siniestros individuales,2020,https://mapas-conaset.opendata.arcgis.com/api/download/v1/items/85a2c2cf0dda466aa11ad906e295f529/shapefile?layers=0,https://mapas-conaset.opendata.arcgis.com/api/download/v1/items/85a2c2cf0dda466aa11ad906e295f529/geojson?layers=0,https://mapas-conaset.opendata.arcgis.com/api/download/v1/items/85a2c2cf0dda466aa11ad906e295f529/csv?layers=0,https://mapas-conaset.opendata.arcgis.com/api/download/v1/items/85a2c2cf0dda466aa11ad906e295f529/kml?layers=0,https://services3.arcgis.com/vaJl1B5HEzZj7154/arcgis/rest/services/Siniestros_TransitoValpo2020/FeatureServer/0,https://mapas-conaset.opendata.arcgis.com/datasets/85a2c2cf0dda466aa11ad906e295f529_0
2021 - Antofagasta - Siniestros Individuales ,Siniestros individuales,2021,https://mapas-conaset.opendata.arcgis.com/api/download/v1/items/66fa006d1ea04129965d500b82247352/shapefile?layers=0,https://mapas-conaset.opendata.arcgis.com/api/download/v1/items/66fa006d1ea04129965d500b82247352/geojson?layers=0,https://mapas-conaset.opendata.arcgis.com/api/download/v1/items/66fa006d1ea04129965d500b82247352/csv?layers=0,https://mapas-conaset.opendata.arcgis.com/api/download/v1/items/66fa006d1ea04129965d500b82247352/kml?layers=0,https://services3.arcgis.com/vaJl1B5HEzZj7154/arcgis/rest/services/Siniestros_Antofagasta2021/FeatureServer/0,https://mapas-conaset.opendata.arcgis.com/datasets/66fa006d1ea04129965d500b82247352_0
2021 - Araucania - Siniestros Individuales,Siniestros individuales,2021,https://mapas-conaset.opendata.arcgis.com/api/download/v1/items/13c978027c6c465f90405d6054e8bb71/shapefile?layers=0,https://mapas-conaset.opendata.arcgis.com/api/download/v1/items/13c978027c6c465f90405d6054e8bb71/geojson?layers=0,https://mapas-conaset.opendata.arcgis.com/api/download/v1/items/13c978027c6c465f90405d6054e8bb71/csv?layers=0,https://mapas-conaset.opendata.arcgis.com/api/download/v1/items/13c978027c6c465f90405d6054e8bb71/kml?layers=0,https://services3.arcgis.com/vaJl1B5HEzZj7154/arcgis/rest/services/Siniestros_Araucan%C3%ADa2021/FeatureServer/0,https://mapas-conaset.opendata.arcgis.com/datasets/13c978027c6c465f90405d6054e8bb71_0
2021 - Arica y Parinacota - Siniestros Individuales,Siniestros individuales,2021,https://mapas-conaset.opendata.arcgis.com/api/download/v1/items/c69bf1008fcf428abf682625c220270d/shapefile?layers=0,https://mapas-conaset.opendata.arcgis.com/api/download/v1/items/c69bf1008fcf428abf682625c220270d/geojson?layers=0,https://mapas-conaset.opendata.arcgis.com/api/download/v1/items/c69bf1008fcf428abf682625c220270d/csv?layers=0,https://mapas-conaset.opendata.arcgis.com/api/download/v1/items/c69bf1008fcf428abf682625c220270d/kml?layers=0,https://services3.arcgis.com/vaJl1B5HEzZj7154/arcgis/rest/services/Siniestros_AricayParinacota2021/FeatureServer/0,https://mapas-conaset.opendata.arcgis.com/datasets/c69bf1008fcf428abf682625c220270d_0
2021 - Atacama - Siniestros Individuales,Siniestros individuales,2021,https://mapas-conaset.opendata.arcgis.com/api/download/v1/items/90d9caf87b364f9e970dfa83db8917d3/shapefile?layers=0,https://mapas-conaset.opendata.arcgis.com/api/download/v1/items/90d9caf87b364f9e970dfa83db8917d3/geojson?layers=0,https://mapas-conaset.opendata.arcgis.com/api/download/v1/items/90d9caf87b364f9e970dfa83db8917d3/csv?layers=0,https://mapas-conaset.opendata.arcgis.com/api/download/v1/items/90d9caf87b364f9e970dfa83db8917d3/kml?layers=0,https://services3.arcgis.com/vaJl1B5HEzZj7154/arcgis/rest/services/Siniestros_Atacama2021/FeatureServer/0,https://mapas-conaset.opendata.arcgis.com/datasets/90d9caf87b364f9e970dfa83db8917d3_0
2021 - Aysén del General Carlos Ibañez del Campo - Siniestros Individuales,Siniestros individuales,2021,https://mapas-conaset.opendata.arcgis.com/api/download/v1/items/358c9ec5d48b4d72bdf490c41ee73bd6/shapefile?layers=0,https://mapas-conaset.opendata.arcgis.com/api/download/v1/items/358c9ec5d48b4d72bdf490c41ee73bd6/geojson?layers=0,https://mapas-conaset.opendata.arcgis.com/api/download/v1/items/358c9ec5d48b4d72bdf490c41ee73bd6/csv?layers=0,https://mapas-conaset.opendata.arcgis.com/api/download/v1/items/358c9ec5d48b4d72bdf490c41ee73bd6/kml?layers=0,https://services3.arcgis.com/vaJl1B5HEzZj7154/arcgis/rest/services/Siniestros_Aysen2021/FeatureServer/0,https://mapas-conaset.opendata.arcgis.com/datasets/358c9ec5d48b4d72bdf490c41ee73bd6_0
2021 - Biobío - Siniestros Individuales,Siniestros individuales,2021,https://mapas-conaset.opendata.arcgis.com/api/download/v1/items/201351c0724e4ea48057974fb36eef24/shapefile?layers=0,https://mapas-conaset.opendata.arcgis.com/api/download/v1/items/201351c0724e4ea48057974fb36eef24/geojson?layers=0,https://mapas-conaset.opendata.arcgis.com/api/download/v1/items/201351c0724e4ea48057974fb36eef24/csv?layers=0,https://mapas-conaset.opendata.arcgis.com/api/download/v1/items/201351c0724e4ea48057974fb36eef24/kml?layers=0,https://services3.arcgis.com/vaJl1B5HEzZj7154/arcgis/rest/services/Siniestros_Biobio2021/FeatureServer/0,https://mapas-conaset.opendata.arcgis.com/datasets/201351c0724e4ea48057974fb36eef24_0
2021 - Coquimbo - Siniestros Individuales,Siniestros individuales,2021,https://mapas-conaset.opendata.arcgis.com/api/download/v1/items/09f7c182ec4447f8af07f7d5e4d8a9d2/shapefile?layers=0,https://mapas-conaset.opendata.arcgis.com/api/download/v1/items/09f7c182ec4447f8af07f7d5e4d8a9d2/geojson?layers=0,https://mapas-conaset.opendata.arcgis.com/api/download/v1/items/09f7c182ec4447f8af07f7d5e4d8a9d2/csv?layers=0,https://mapas-conaset.opendata.arcgis.com/api/download/v1/items/09f7c182ec4447f8af07f7d5e4d8a9d2/kml?layers=0,https://services3.arcgis.com/vaJl1B5HEzZj7154/arcgis/rest/services/Siniestros_Coquimbo2021/FeatureServer/0,https://mapas-conaset.opendata.arcgis.com/datasets/09f7c182ec4447f8af07f7d5e4d8a9d2_0
2021 - Libertador Bernardo O'higgins - Siniestros Individuales,Siniestros individuales,2021,https://mapas-conaset.opendata.arcgis.com/api/download/v1/items/8f5d075f1f954576bd61ddc0234ce631/shapefile?layers=0,https://mapas-conaset.opendata.arcgis.com/api/download/v1/items/8f5d075f1f954576bd61ddc0234ce631/geojson?layers=0,https://mapas-conaset.opendata.arcgis.com/api/download/v1/items/8f5d075f1f954576bd61ddc0234ce631/csv?layers=0,https://mapas-conaset.opendata.arcgis.com/api/download/v1/items/8f5d075f1f954576bd61ddc0234ce631/kml?layers=0,https://services3.arcgis.com/vaJl1B5HEzZj7154/arcgis/rest/services/Siniestros_LBOhiggins2021/FeatureServer/0,https://mapas-conaset.opendata.arcgis.com/datasets/8f5d075f1f954576bd61ddc0234ce631_0
2021 - Los Lagos - Siniestros Individuales,Siniestros individuales,2021,https://mapas-conaset.opendata.arcgis.com/api/download/v1/items/d121fc0189a84d0f93958047808306ca/shapefile?layers=0,https://mapas-conaset.opendata.arcgis.com/api/download/v1/items/d121fc0189a84d0f93958047808306ca/geojson?layers=0,https://mapas-conaset.opendata.arcgis.com/api/download/v1/items/d121fc0189a84d0f93958047808306ca/csv?layers=0,https://mapas-conaset.opendata.arcgis.com/api/download/v1/items/d121fc0189a84d0f93958047808306ca/kml?layers=0,https://services3.arcgis.com/vaJl1B5HEzZj7154/arcgis/rest/services/Siniestros_LosLagos2021/FeatureServer/0,https://mapas-conaset.opendata.arcgis.com/datasets/d121fc0189a84d0f93958047808306ca_0
2021 - Los Ríos - Siniestros Individuales,Siniestros individuales,2021,https://mapas-conaset.opendata.arcgis.com/api/download/v1/items/0cea2dacced04c13809acf18b976c2bc/shapefile?layers=0,https://mapas-conaset.opendata.arcgis.com/api/download/v1/items/0cea2dacced04c13809acf18b976c2bc/geojson?layers=0,https://mapas-conaset.opendata.arcgis.com/api/download/v1/items/0cea2dacced04c13809acf18b976c2bc/csv?layers=0,https://mapas-conaset.opendata.arcgis.com/api/download/v1/items/0cea2dacced04c13809acf18b976c2bc/kml?layers=0,https://services3.arcgis.com/vaJl1B5HEzZj7154/arcgis/rest/services/Siniestros_LosRios2021/FeatureServer/0,https://mapas-conaset.opendata.arcgis.com/datasets/0cea2dacced04c13809acf18b976c2bc_0
2021 - Magallanes y La Antartica Chilena - Siniestros Individuales,Siniestros individuales,2021,https://mapas-conaset.opendata.arcgis.com/api/download/v1/items/2b404924831c4069ad08ed318e5993e9/shapefile?layers=0,https://mapas-conaset.opendata.arcgis.com/api/download/v1/items/2b404924831c4069ad08ed318e5993e9/geojson?layers=0,https://mapas-conaset.opendata.arcgis.com/api/download/v1/items/2b404924831c4069ad08ed318e5993e9/csv?layers=0,https://mapas-conaset.opendata.arcgis.com/api/download/v1/items/2b404924831c4069ad08ed318e5993e9/kml?layers=0,https://services3.arcgis.com/vaJl1B5HEzZj7154/arcgis/rest/services/Siniestros_Magallanes2021/FeatureServer/0,https://mapas-conaset.opendata.arcgis.com/datasets/2b404924831c4069ad08ed318e5993e9_0
2021 - Maule - Siniestros Individuales,Siniestros individuales,2021,https://mapas-conaset.opendata.arcgis.com/api/download/v1/items/07b6511792c44902b20cbd0f82dd5c05/shapefile?layers=0,https://mapas-conaset.opendata.arcgis.com/api/download/v1/items/07b6511792c44902b20cbd0f82dd5c05/geojson?layers=0,https://mapas-conaset.opendata.arcgis.com/api/download/v1/items/07b6511792c44902b20cbd0f82dd5c05/csv?layers=0,https://mapas-conaset.opendata.arcgis.com/api/download/v1/items/07b6511792c44902b20cbd0f82dd5c05/kml?layers=0,https://services3.arcgis.com/vaJl1B5HEzZj7154/arcgis/rest/services/Siniestros_Maule2021/FeatureServer/0,https://mapas-conaset.opendata.arcgis.com/datasets/07b6511792c44902b20cbd0f82dd5c05_0
2021 - Ñuble - Siniestros Individuales,Siniestros individuales,2021,https://mapas-conaset.opendata.arcgis.com/api/download/v1/items/8a1ca9a35c944c9ebd83d2f621957d1e/shapefile?layers=0,https://mapas-conaset.opendata.arcgis.com/api/download/v1/items/8a1ca9a35c944c9ebd83d2f621957d1e/geojson?layers=0,https://mapas-conaset.opendata.arcgis.com/api/download/v1/items/8a1ca9a35c944c9ebd83d2f621957d1e/csv?layers=0,https://mapas-conaset.opendata.arcgis.com/api/download/v1/items/8a1ca9a35c944c9ebd83d2f621957d1e/kml?layers=0,https://services3.arcgis.com/vaJl1B5HEzZj7154/arcgis/rest/services/Siniestros_%C3%91uble2021/FeatureServer/0,https://mapas-conaset.opendata.arcgis.com/datasets/8a1ca9a35c944c9ebd83d2f621957d1e_0
2021 - Tarapacá - Siniestros Individuales,Siniestros individuales,2021,https://mapas-conaset.opendata.arcgis.com/api/download/v1/items/f1da1766055e4d0da9ead17e63a293f8/shapefile?layers=0,https://mapas-conaset.opendata.arcgis.com/api/download/v1/items/f1da1766055e4d0da9ead17e63a293f8/geojson?layers=0,https://mapas-conaset.opendata.arcgis.com/api/download/v1/items/f1da1766055e4d0da9ead17e63a293f8/csv?layers=0,https://mapas-conaset.opendata.arcgis.com/api/download/v1/items/f1da1766055e4d0da9ead17e63a293f8/kml?layers=0,https://services3.arcgis.com/vaJl1B5HEzZj7154/arcgis/rest/services/Siniestros_Tarapac%C3%A12021/FeatureServer/0,https://mapas-conaset.opendata.arcgis.com/datasets/f1da1766055e4d0da9ead17e63a293f8_0
2021 - Valparaíso - Siniestros Individuales,Siniestros individuales,2021,https://mapas-conaset.opendata.arcgis.com/api/download/v1/items/521901747736499a8dcdf58022318a3c/shapefile?layers=0,https://mapas-conaset.opendata.arcgis.com/api/download/v1/items/521901747736499a8dcdf58022318a3c/geojson?layers=0,https://mapas-conaset.opendata.arcgis.com/api/download/v1/items/521901747736499a8dcdf58022318a3c/csv?layers=0,https://mapas-conaset.opendata.arcgis.com/api/download/v1/items/521901747736499a8dcdf58022318a3c/kml?layers=0,https://services3.arcgis.com/vaJl1B5HEzZj7154/arcgis/rest/services/Siniestros_Valpara%C3%ADso2021/FeatureServer/0,https://mapas-conaset.opendata.arcgis.com/datasets/521901747736499a8dcdf58022318a3c_0
2018 - Araucania - Siniestros Individuales,Siniestros individuales,2018,https://mapas-conaset.opendata.arcgis.com/api/download/v1/items/2699e7404c9e4630804da5281edd4e9f/shapefile?layers=0,https://mapas-conaset.opendata.arcgis.com/api/download/v1/items/2699e7404c9e4630804da5281edd4e9f/geojson?layers=0,https://mapas-conaset.opendata.arcgis.com/api/download/v1/items/2699e7404c9e4630804da5281edd4e9f/csv?layers=0,https://mapas-conaset.opendata.arcgis.com/api/download/v1/items/2699e7404c9e4630804da5281edd4e9f/kml?layers=0,https://services3.arcgis.com/vaJl1B5HEzZj7154/arcgis/rest/services/Siniestros2018_Araucania/FeatureServer/0,https://mapas-conaset.opendata.arcgis.com/datasets/2699e7404c9e4630804da5281edd4e9f_0
2018 - Arica y Parinacota - Siniestros Individuales,Siniestros individuales,2018,https://mapas-conaset.opendata.arcgis.com/api/download/v1/items/b8f2fc0336164e9cb5d6b7d9ce011992/shapefile?layers=0,https://mapas-conaset.opendata.arcgis.com/api/download/v1/items/b8f2fc0336164e9cb5d6b7d9ce011992/geojson?layers=0,https://mapas-conaset.opendata.arcgis.com/api/download/v1/items/b8f2fc0336164e9cb5d6b7d9ce011992/csv?layers=0,https://mapas-conaset.opendata.arcgis.com/api/download/v1/items/b8f2fc0336164e9cb5d6b7d9ce011992/kml?layers=0,https://services3.arcgis.com/vaJl1B5HEzZj7154/arcgis/rest/services/Siniestros2018_AricayParinacota/FeatureServer/0,https://mapas-conaset.opendata.arcgis.com/datasets/b8f2fc0336164e9cb5d6b7d9ce011992_0
2022 - Antofagasta - Siniestros Individuales,Siniestros individuales,2022,https://mapas-conaset.opendata.arcgis.com/api/download/v1/items/5ce75f6238ac4d89ad4a00969a0fbaaf/shapefile?layers=0,https://mapas-conaset.opendata.arcgis.com/api/download/v1/items/5ce75f6238ac4d89ad4a00969a0fbaaf/geojson?layers=0,https://mapas-conaset.opendata.arcgis.com/api/download/v1/items/5ce75f6238ac4d89ad4a00969a0fbaaf/csv?layers=0,https://mapas-conaset.opendata.arcgis.com/api/download/v1/items/5ce75f6238ac4d89ad4a00969a0fbaaf/kml?layers=0,https://services3.arcgis.com/vaJl1B5HEzZj7154/arcgis/rest/services/Siniestros_Individuales_Antofagasta_2022/FeatureServer/0,https://mapas-conaset.opendata.arcgis.com/datasets/5ce75f6238ac4d89ad4a00969a0fbaaf_0
2022 - Arica y Parinacota - Siniestros Individuales ,Siniestros individuales,2022,https://mapas-conaset.opendata.arcgis.com/api/download/v1/items/8776165a7ae647a38d9f1ffbf91eaec3/shapefile?layers=0,https://mapas-conaset.opendata.arcgis.com/api/download/v1/items/8776165a7ae647a38d9f1ffbf91eaec3/geojson?layers=0,https://mapas-conaset.opendata.arcgis.com/api/download/v1/items/8776165a7ae647a38d9f1ffbf91eaec3/csv?layers=0,https://mapas-conaset.opendata.arcgis.com/api/download/v1/items/8776165a7ae647a38d9f1ffbf91eaec3/kml?layers=0,https://services3.arcgis.com/vaJl1B5HEzZj7154/arcgis/rest/services/Siniestros_Individuales_Arica_y_Parinacota_2022/FeatureServer/0,https://mapas-conaset.opendata.arcgis.com/datasets/8776165a7ae647a38d9f1ffbf91eaec3_0
2022 - Araucania - Siniestros Individuales,Siniestros individuales,2022,https://mapas-conaset.opendata.arcgis.com/api/download/v1/items/a7cd1f40a6514e67b9acb98010afc5d9/shapefile?layers=0,https://mapas-conaset.opendata.arcgis.com/api/download/v1/items/a7cd1f40a6514e67b9acb98010afc5d9/geojson?layers=0,https://mapas-conaset.opendata.arcgis.com/api/download/v1/items/a7cd1f40a6514e67b9acb98010afc5d9/csv?layers=0,https://mapas-conaset.opendata.arcgis.com/api/download/v1/items/a7cd1f40a6514e67b9acb98010afc5d9/kml?layers=0,https://services3.arcgis.com/vaJl1B5HEzZj7154/arcgis/rest/services/Siniestros_Individuales_Araucania_2022/FeatureServer/0,https://mapas-conaset.opendata.arcgis.com/datasets/a7cd1f40a6514e67b9acb98010afc5d9_0
 2022 -  Atacama - Siniestros Individuales,Siniestros individuales,2022,https://mapas-conaset.opendata.arcgis.com/api/download/v1/items/c6c12da793f74e7fb09b3d9936c58f7a/shapefile?layers=0,https://mapas-conaset.opendata.arcgis.com/api/download/v1/items/c6c12da793f74e7fb09b3d9936c58f7a/geojson?layers=0,https://mapas-conaset.opendata.arcgis.com/api/download/v1/items/c6c12da793f74e7fb09b3d9936c58f7a/csv?layers=0,https://mapas-conaset.opendata.arcgis.com/api/download/v1/items/c6c12da793f74e7fb09b3d9936c58f7a/kml?layers=0,https://services3.arcgis.com/vaJl1B5HEzZj7154/arcgis/rest/services/Siniestros_Individuales_Atacama_2022/FeatureServer/0,https://mapas-conaset.opendata.arcgis.com/datasets/c6c12da793f74e7fb09b3d9936c58f7a_0
2022 - Aysén del General Carlos Ibañez del Campo - Siniestros Individuales,Siniestros individuales,2022,https://mapas-conaset.opendata.arcgis.com/api/download/v1/items/b22e212ae5734e3c82ffacc7a1e90dad/shapefile?layers=0,https://mapas-conaset.opendata.arcgis.com/api/download/v1/items/b22e212ae5734e3c82ffacc7a1e90dad/geojson?layers=0,https://mapas-conaset.opendata.arcgis.com/api/download/v1/items/b22e212ae5734e3c82ffacc7a1e90dad/csv?layers=0,https://mapas-conaset.opendata.arcgis.com/api/download/v1/items/b22e212ae5734e3c82ffacc7a1e90dad/kml?layers=0,https://services3.arcgis.com/vaJl1B5HEzZj7154/arcgis/rest/services/Siniestros_Individuales_Aysen_2022/FeatureServer/0,https://mapas-conaset.opendata.arcgis.com/datasets/b22e212ae5734e3c82ffacc7a1e90dad_0
2022 -  Biobio - Siniestros Individuales,Siniestros individuales,2022,https://mapas-conaset.opendata.arcgis.com/api/download/v1/items/cfc0646c7a6c4d15bccc399563463063/shapefile?layers=0,https://mapas-conaset.opendata.arcgis.com/api/download/v1/items/cfc0646c7a6c4d15bccc399563463063/geojson?layers=0,https://mapas-conaset.opendata.arcgis.com/api/download/v1/items/cfc0646c7a6c4d15bccc399563463063/csv?layers=0,https://mapas-conaset.opendata.arcgis.com/api/download/v1/items/cfc0646c7a6c4d15bccc399563463063/kml?layers=0,https://services3.arcgis.com/vaJl1B5HEzZj7154/arcgis/rest/services/Siniestros_Individuales_Biobio_2022/FeatureServer/0,https://mapas-conaset.opendata.arcgis.com/datasets/cfc0646c7a6c4d15bccc399563463063_0
2022 - Coquimbo - Siniestros Individuales,Siniestros individuales,2022,https://mapas-conaset.opendata.arcgis.com/api/download/v1/items/be4760a0e234489d98958e8f6503edad/shapefile?layers=0,https://mapas-conaset.opendata.arcgis.com/api/download/v1/items/be4760a0e234489d98958e8f6503edad/geojson?layers=0,https://mapas-conaset.opendata.arcgis.com/api/download/v1/items/be4760a0e234489d98958e8f6503edad/csv?layers=0,https://mapas-conaset.opendata.arcgis.com/api/download/v1/items/be4760a0e234489d98958e8f6503edad/kml?layers=0,https://services3.arcgis.com/vaJl1B5HEzZj7154/arcgis/rest/services/Siniestros_Individuales_Coquimbo_2022/FeatureServer/0,https://mapas-conaset.opendata.arcgis.com/datasets/be4760a0e234489d98958e8f6503edad_0
2022 - Libertador General Bernardo OHiggins - Siniestros Individuales,Siniestros individuales,2022,https://mapas-conaset.opendata.arcgis.com/api/download/v1/items/01c578458b9f4c638963d80de4676631/shapefile?layers=0,https://mapas-conaset.opendata.arcgis.com/api/download/v1/items/01c578458b9f4c638963d80de4676631/geojson?layers=0,https://mapas-conaset.opendata.arcgis.com/api/download/v1/items/01c578458b9f4c638963d80de4676631/csv?layers=0,https://mapas-conaset.opendata.arcgis.com/api/download/v1/items/01c578458b9f4c638963d80de4676631/kml?layers=0,https://services3.arcgis.com/vaJl1B5HEzZj7154/arcgis/rest/services/Siniestros_Individuales_Lib__Bdo__Ohiggins_2022/FeatureServer/0,https://mapas-conaset.opendata.arcgis.com/datasets/01c578458b9f4c638963d80de4676631_0
2022 - Los Lagos - Siniestros Individuales ,Siniestros individuales,2022,https://mapas-conaset.opendata.arcgis.com/api/download/v1/items/ca93391a23f84f10a9722e3111f6452d/shapefile?layers=0,https://mapas-conaset.opendata.arcgis.com/api/download/v1/items/ca93391a23f84f10a9722e3111f6452d/geojson?layers=0,https://mapas-conaset.opendata.arcgis.com/api/download/v1/items/ca93391a23f84f10a9722e3111f6452d/csv?layers=0,https://mapas-conaset.opendata.arcgis.com/api/download/v1/items/ca93391a23f84f10a9722e3111f6452d/kml?layers=0,https://services3.arcgis.com/vaJl1B5HEzZj7154/arcgis/rest/services/Siniestros_Individuales_Los_Lagos_2022/FeatureServer/0,https://mapas-conaset.opendata.arcgis.com/datasets/ca93391a23f84f10a9722e3111f6452d_0
2022 - Los Rios - Siniestros Individuales,Siniestros individuales,2022,https://mapas-conaset.opendata.arcgis.com/api/download/v1/items/7edd895571d643cd81b5cf4717610158/shapefile?layers=0,https://mapas-conaset.opendata.arcgis.com/api/download/v1/items/7edd895571d643cd81b5cf4717610158/geojson?layers=0,https://mapas-conaset.opendata.arcgis.com/api/download/v1/items/7edd895571d643cd81b5cf4717610158/csv?layers=0,https://mapas-conaset.opendata.arcgis.com/api/download/v1/items/7edd895571d643cd81b5cf4717610158/kml?layers=0,https://services3.arcgis.com/vaJl1B5HEzZj7154/arcgis/rest/services/Siniestros_Individuales_Los_Rios_2022/FeatureServer/0,https://mapas-conaset.opendata.arcgis.com/datasets/7edd895571d643cd81b5cf4717610158_0
2022 - Ñuble - Siniestros Individuales,Siniestros individuales,2022,https://mapas-conaset.opendata.arcgis.com/api/download/v1/items/885caf1de3ca42948d4cb7f16b19bba0/shapefile?layers=0,https://mapas-conaset.opendata.arcgis.com/api/download/v1/items/885caf1de3ca42948d4cb7f16b19bba0/geojson?layers=0,https://mapas-conaset.opendata.arcgis.com/api/download/v1/items/885caf1de3ca42948d4cb7f16b19bba0/csv?layers=0,https://mapas-conaset.opendata.arcgis.com/api/download/v1/items/885caf1de3ca42948d4cb7f16b19bba0/kml?layers=0,https://services3.arcgis.com/vaJl1B5HEzZj7154/arcgis/rest/services/Siniestros_Individuales_%C3%91uble_2022/FeatureServer/0,https://mapas-conaset.opendata.arcgis.com/datasets/885caf1de3ca42948d4cb7f16b19bba0_0
2022 - Magallanes y la Antartica Chilena - Siniestros Individuales,Siniestros individuales,2022,https://mapas-conaset.opendata.arcgis.com/api/download/v1/items/a246842f26244e31a679b56f5918a1ea/shapefile?layers=0,https://mapas-conaset.opendata.arcgis.com/api/download/v1/items/a246842f26244e31a679b56f5918a1ea/geojson?layers=0,https://mapas-conaset.opendata.arcgis.com/api/download/v1/items/a246842f26244e31a679b56f5918a1ea/csv?layers=0,https://mapas-conaset.opendata.arcgis.com/api/download/v1/items/a246842f26244e31a679b56f5918a1ea/kml?layers=0,https://services3.arcgis.com/vaJl1B5HEzZj7154/arcgis/rest/services/Siniestros_Individuales_Magallanes_2022/FeatureServer/0,https://mapas-conaset.opendata.arcgis.com/datasets/a246842f26244e31a679b56f5918a1ea_0
2022 - Maule - Siniestros Individuales,Siniestros individuales,2022,https://mapas-conaset.opendata.arcgis.com/api/download/v1/items/a3e7a0608a88460c9a84155086883178/shapefile?layers=0,https://mapas-conaset.opendata.arcgis.com/api/download/v1/items/a3e7a0608a88460c9a84155086883178/geojson?layers=0,https://mapas-conaset.opendata.arcgis.com/api/download/v1/items/a3e7a0608a88460c9a84155086883178/csv?layers=0,https://mapas-conaset.opendata.arcgis.com/api/download/v1/items/a3e7a0608a88460c9a84155086883178/kml?layers=0,https://services3.arcgis.com/vaJl1B5HEzZj7154/arcgis/rest/services/Siniestros_Individuales_Maule_2022/FeatureServer/0,https://mapas-conaset.opendata.arcgis.com/datasets/a3e7a0608a88460c9a84155086883178_0
2022 - Tarapaca - Siniestros Individuales,Siniestros individuales,2022,https://mapas-conaset.opendata.arcgis.com/api/download/v1/items/548b4f28b0e44158ae07dc095fb41586/shapefile?layers=0,https://mapas-conaset.opendata.arcgis.com/api/download/v1/items/548b4f28b0e44158ae07dc095fb41586/geojson?layers=0,https://mapas-conaset.opendata.arcgis.com/api/download/v1/items/548b4f28b0e44158ae07dc095fb41586/csv?layers=0,https://mapas-conaset.opendata.arcgis.com/api/download/v1/items/548b4f28b0e44158ae07dc095fb41586/kml?layers=0,https://services3.arcgis.com/vaJl1B5HEzZj7154/arcgis/rest/services/Siniestros_Individuales_Tarapaca_2022/FeatureServer/0,https://mapas-conaset.opendata.arcgis.com/datasets/548b4f28b0e44158ae07dc095fb41586_0
2022 - Valparaíso - Siniestros Individuales ,Siniestros individuales,2022,https://mapas-conaset.opendata.arcgis.com/api/download/v1/items/0ae7e7dd5ede44aea00374486ef4a4be/shapefile?layers=0,https://mapas-conaset.opendata.arcgis.com/api/download/v1/items/0ae7e7dd5ede44aea00374486ef4a4be/geojson?layers=0,https://mapas-conaset.opendata.arcgis.com/api/download/v1/items/0ae7e7dd5ede44aea00374486ef4a4be/csv?layers=0,https://mapas-conaset.opendata.arcgis.com/api/download/v1/items/0ae7e7dd5ede44aea00374486ef4a4be/kml?layers=0,https://services3.arcgis.com/vaJl1B5HEzZj7154/arcgis/rest/services/Siniestros_Individuales_Valparaiso_2022/FeatureServer/0,https://mapas-conaset.opendata.arcgis.com/datasets/0ae7e7dd5ede44aea00374486ef4a4be_0
2018 - Aysén del General Carlos Ibañez del Campo - Siniestros Individuales,Siniestros individuales,2018,https://mapas-conaset.opendata.arcgis.com/api/download/v1/items/cd6895cca53342689f12b6f32643e19a/shapefile?layers=0,https://mapas-conaset.opendata.arcgis.com/api/download/v1/items/cd6895cca53342689f12b6f32643e19a/geojson?layers=0,https://mapas-conaset.opendata.arcgis.com/api/download/v1/items/cd6895cca53342689f12b6f32643e19a/csv?layers=0,https://mapas-conaset.opendata.arcgis.com/api/download/v1/items/cd6895cca53342689f12b6f32643e19a/kml?layers=0,https://services3.arcgis.com/vaJl1B5HEzZj7154/arcgis/rest/services/Siniestros2018_Aysen/FeatureServer/0,https://mapas-conaset.opendata.arcgis.com/datasets/cd6895cca53342689f12b6f32643e19a_0
2018 - Los Rios - Siniestros Individuales,Siniestros individuales,2018,https://mapas-conaset.opendata.arcgis.com/api/download/v1/items/9b4ce81edd11434082b021c672a22091/shapefile?layers=0,https://mapas-conaset.opendata.arcgis.com/api/download/v1/items/9b4ce81edd11434082b021c672a22091/geojson?layers=0,https://mapas-conaset.opendata.arcgis.com/api/download/v1/items/9b4ce81edd11434082b021c672a22091/csv?layers=0,https://mapas-conaset.opendata.arcgis.com/api/download/v1/items/9b4ce81edd11434082b021c672a22091/kml?layers=0,https://services3.arcgis.com/vaJl1B5HEzZj7154/arcgis/rest/services/Siniestros2018_LosRios/FeatureServer/0,https://mapas-conaset.opendata.arcgis.com/datasets/9b4ce81edd11434082b021c672a22091_0
2018 - Magallanes y la Antartica Chilena - Siniestros Individuales,Siniestros individuales,2018,https://mapas-conaset.opendata.arcgis.com/api/download/v1/items/3a16a24760904c25a35478e0fa39f00c/shapefile?layers=0,https://mapas-conaset.opendata.arcgis.com/api/download/v1/items/3a16a24760904c25a35478e0fa39f00c/geojson?layers=0,https://mapas-conaset.opendata.arcgis.com/api/download/v1/items/3a16a24760904c25a35478e0fa39f00c/csv?layers=0,https://mapas-conaset.opendata.arcgis.com/api/download/v1/items/3a16a24760904c25a35478e0fa39f00c/kml?layers=0,https://services3.arcgis.com/vaJl1B5HEzZj7154/arcgis/rest/services/Siniestros2018_Magallanes/FeatureServer/0,https://mapas-conaset.opendata.arcgis.com/datasets/3a16a24760904c25a35478e0fa39f00c_0
2018 - Maule - Siniestros Individuales,Siniestros individuales,2018,https://mapas-conaset.opendata.arcgis.com/api/download/v1/items/b187440ab7ab4042915062d0f1640386/shapefile?layers=0,https://mapas-conaset.opendata.arcgis.com/api/download/v1/items/b187440ab7ab4042915062d0f1640386/geojson?layers=0,https://mapas-conaset.opendata.arcgis.com/api/download/v1/items/b187440ab7ab4042915062d0f1640386/csv?layers=0,https://mapas-conaset.opendata.arcgis.com/api/download/v1/items/b187440ab7ab4042915062d0f1640386/kml?layers=0,https://services3.arcgis.com/vaJl1B5HEzZj7154/arcgis/rest/services/Siniestros2018_Maule/FeatureServer/0,https://mapas-conaset.opendata.arcgis.com/datasets/b187440ab7ab4042915062d0f1640386_0
2018 - Ñuble - Siniestros Individuales ,Siniestros individuales,2018,https://mapas-conaset.opendata.arcgis.com/api/download/v1/items/ab28a4eebadb4105bed7bcac0a5c7909/shapefile?layers=0,https://mapas-conaset.opendata.arcgis.com/api/download/v1/items/ab28a4eebadb4105bed7bcac0a5c7909/geojson?layers=0,https://mapas-conaset.opendata.arcgis.com/api/download/v1/items/ab28a4eebadb4105bed7bcac0a5c7909/csv?layers=0,https://mapas-conaset.opendata.arcgis.com/api/download/v1/items/ab28a4eebadb4105bed7bcac0a5c7909/kml?layers=0,https://services3.arcgis.com/vaJl1B5HEzZj7154/arcgis/rest/services/Siniestros2018%C3%91uble/FeatureServer/0,https://mapas-conaset.opendata.arcgis.com/datasets/ab28a4eebadb4105bed7bcac0a5c7909_0
2020 - Biobío - Siniestros Individuales,Siniestros individuales,2020,https://mapas-conaset.opendata.arcgis.com/api/download/v1/items/f63040823fef4df69892c04b17ce0f7a/shapefile?layers=0,https://mapas-conaset.opendata.arcgis.com/api/download/v1/items/f63040823fef4df69892c04b17ce0f7a/geojson?layers=0,https://mapas-conaset.opendata.arcgis.com/api/download/v1/items/f63040823fef4df69892c04b17ce0f7a/csv?layers=0,https://mapas-conaset.opendata.arcgis.com/api/download/v1/items/f63040823fef4df69892c04b17ce0f7a/kml?layers=0,https://services3.arcgis.com/vaJl1B5HEzZj7154/arcgis/rest/services/SiniestrosBiobio2020/FeatureServer/0,https://mapas-conaset.opendata.arcgis.com/datasets/f63040823fef4df69892c04b17ce0f7a_0
2016 - Biobío - Siniestros Individuales,Siniestros individuales,2016,https://mapas-conaset.opendata.arcgis.com/api/download/v1/items/d0a6c27eabfb4b219c510b83df9a1d99/shapefile?layers=0,https://mapas-conaset.opendata.arcgis.com/api/download/v1/items/d0a6c27eabfb4b219c510b83df9a1d99/geojson?layers=0,https://mapas-conaset.opendata.arcgis.com/api/download/v1/items/d0a6c27eabfb4b219c510b83df9a1d99/csv?layers=0,https://mapas-conaset.opendata.arcgis.com/api/download/v1/items/d0a6c27eabfb4b219c510b83df9a1d99/kml?layers=0,https://services3.arcgis.com/vaJl1B5HEzZj7154/arcgis/rest/services/SiniestrosBiobio2016/FeatureServer/0,https://mapas-conaset.opendata.arcgis.com/datasets/d0a6c27eabfb4b219c510b83df9a1d99_0
2019 - Libertador Bernardo O'Higgins - Siniestros Individuales,Siniestros individuales,2019,https://mapas-conaset.opendata.arcgis.com/api/download/v1/items/612b922d7a0e41a895d1e0def591af8f/shapefile?layers=0,https://mapas-conaset.opendata.arcgis.com/api/download/v1/items/612b922d7a0e41a895d1e0def591af8f/geojson?layers=0,https://mapas-conaset.opendata.arcgis.com/api/download/v1/items/612b922d7a0e41a895d1e0def591af8f/csv?layers=0,https://mapas-conaset.opendata.arcgis.com/api/download/v1/items/612b922d7a0e41a895d1e0def591af8f/kml?layers=0,https://services3.arcgis.com/vaJl1B5HEzZj7154/arcgis/rest/services/Siniestros_LiberBO2019/FeatureServer/0,https://mapas-conaset.opendata.arcgis.com/datasets/612b922d7a0e41a895d1e0def591af8f_0
2015 - Biobío - Siniestros Individuales,Siniestros individuales,2015,https://mapas-conaset.opendata.arcgis.com/api/download/v1/items/83f8fe830b9e472ab81d9299407ca70a/shapefile?layers=0,https://mapas-conaset.opendata.arcgis.com/api/download/v1/items/83f8fe830b9e472ab81d9299407ca70a/geojson?layers=0,https://mapas-conaset.opendata.arcgis.com/api/download/v1/items/83f8fe830b9e472ab81d9299407ca70a/csv?layers=0,https://mapas-conaset.opendata.arcgis.com/api/download/v1/items/83f8fe830b9e472ab81d9299407ca70a/kml?layers=0,https://services3.arcgis.com/vaJl1B5HEzZj7154/arcgis/rest/services/SiniestrosBiobio2015/FeatureServer/0,https://mapas-conaset.opendata.arcgis.com/datasets/83f8fe830b9e472ab81d9299407ca70a_0
2016 - Valparaíso - Siniestros Individuales,Siniestros individuales,2016,https://mapas-conaset.opendata.arcgis.com/api/download/v1/items/0b66887aa5864c83a435a2aa26aca26a/shapefile?layers=0,https://mapas-conaset.opendata.arcgis.com/api/download/v1/items/0b66887aa5864c83a435a2aa26aca26a/geojson?layers=0,https://mapas-conaset.opendata.arcgis.com/api/download/v1/items/0b66887aa5864c83a435a2aa26aca26a/csv?layers=0,https://mapas-conaset.opendata.arcgis.com/api/download/v1/items/0b66887aa5864c83a435a2aa26aca26a/kml?layers=0,https://services3.arcgis.com/vaJl1B5HEzZj7154/arcgis/rest/services/SiniestrosValpo2016/FeatureServer/0,https://mapas-conaset.opendata.arcgis.com/datasets/0b66887aa5864c83a435a2aa26aca26a_0
2015 - Valparaíso - Siniestros Individuales,Siniestros individuales,2015,https://mapas-conaset.opendata.arcgis.com/api/download/v1/items/b02d7780ed214786a7ccdce38868ebdb/shapefile?layers=0,https://mapas-conaset.opendata.arcgis.com/api/download/v1/items/b02d7780ed214786a7ccdce38868ebdb/geojson?layers=0,https://mapas-conaset.opendata.arcgis.com/api/download/v1/items/b02d7780ed214786a7ccdce38868ebdb/csv?layers=0,https://mapas-conaset.opendata.arcgis.com/api/download/v1/items/b02d7780ed214786a7ccdce38868ebdb/kml?layers=0,https://services3.arcgis.com/vaJl1B5HEzZj7154/arcgis/rest/services/SiniestrosValpo2015/FeatureServer/0,https://mapas-conaset.opendata.arcgis.com/datasets/b02d7780ed214786a7ccdce38868ebdb_0
2021 - Metropolitana de Santiago - Siniestros Individuales,Siniestros individuales,2021,https://mapas-conaset.opendata.arcgis.com/api/download/v1/items/4b636b2f27164b0ebbeca0ab9db4d08a/shapefile?layers=0,https://mapas-conaset.opendata.arcgis.com/api/download/v1/items/4b636b2f27164b0ebbeca0ab9db4d08a/geojson?layers=0,https://mapas-conaset.opendata.arcgis.com/api/download/v1/items/4b636b2f27164b0ebbeca0ab9db4d08a/csv?layers=0,https://mapas-conaset.opendata.arcgis.com/api/download/v1/items/4b636b2f27164b0ebbeca0ab9db4d08a/kml?layers=0,https://services3.arcgis.com/vaJl1B5HEzZj7154/arcgis/rest/services/SiniestrosRM2021/FeatureServer/0,https://mapas-conaset.opendata.arcgis.com/datasets/4b636b2f27164b0ebbeca0ab9db4d08a_0
2018 - Libertador Bernardo O'Higgins - Siniestros Individuales,Siniestros individuales,2018,https://mapas-conaset.opendata.arcgis.com/api/download/v1/items/9bcf15f8493543508b70adae84ca21ef/shapefile?layers=0,https://mapas-conaset.opendata.arcgis.com/api/download/v1/items/9bcf15f8493543508b70adae84ca21ef/geojson?layers=0,https://mapas-conaset.opendata.arcgis.com/api/download/v1/items/9bcf15f8493543508b70adae84ca21ef/csv?layers=0,https://mapas-conaset.opendata.arcgis.com/api/download/v1/items/9bcf15f8493543508b70adae84ca21ef/kml?layers=0,https://services3.arcgis.com/vaJl1B5HEzZj7154/arcgis/rest/services/Siniestros2018_OHiggins/FeatureServer/0,https://mapas-conaset.opendata.arcgis.com/datasets/9bcf15f8493543508b70adae84ca21ef_0
2018 - Antofagasta - Siniestros Individuales,Siniestros individuales,2018,https://mapas-conaset.opendata.arcgis.com/api/download/v1/items/c0462f2953554bf6916cfb78591df39b/shapefile?layers=0,https://mapas-conaset.opendata.arcgis.com/api/download/v1/items/c0462f2953554bf6916cfb78591df39b/geojson?layers=0,https://mapas-conaset.opendata.arcgis.com/api/download/v1/items/c0462f2953554bf6916cfb78591df39b/csv?layers=0,https://mapas-conaset.opendata.arcgis.com/api/download/v1/items/c0462f2953554bf6916cfb78591df39b/kml?layers=0,https://services3.arcgis.com/vaJl1B5HEzZj7154/arcgis/rest/services/Siniestros_TransitoAntofagasta2018/FeatureServer/0,https://mapas-conaset.opendata.arcgis.com/datasets/c0462f2953554bf6916cfb78591df39b_0
2018 - Biobío - Siniestros Individuales,Siniestros individuales,2018,https://mapas-conaset.opendata.arcgis.com/api/download/v1/items/ff404c7a243241d59ab6b97386260e69/shapefile?layers=0,https://mapas-conaset.opendata.arcgis.com/api/download/v1/items/ff404c7a243241d59ab6b97386260e69/geojson?layers=0,https://mapas-conaset.opendata.arcgis.com/api/download/v1/items/ff404c7a243241d59ab6b97386260e69/csv?layers=0,https://mapas-conaset.opendata.arcgis.com/api/download/v1/items/ff404c7a243241d59ab6b97386260e69/kml?layers=0,https://services3.arcgis.com/vaJl1B5HEzZj7154/arcgis/rest/services/Siniestros_Biobio2018/FeatureServer/0,https://mapas-conaset.opendata.arcgis.com/datasets/ff404c7a243241d59ab6b97386260e69_0
Siniestros de Tránsito en la Región de Valparaíso 2015-2020.,Siniestros transito region multianual,2020,,,,,,https://mapas-conaset.opendata.arcgis.com/maps/04cfac38ed994a1c8337e852b40063e0
"Siniestros de tránsito, región de Antofagasta, Chile, 2019.",Siniestros transito region multianual,2019,https://mapas-conaset.opendata.arcgis.com/api/download/v1/items/50c493754b5d434c8a1c44b96a6e6e44/shapefile?layers=0,https://mapas-conaset.opendata.arcgis.com/api/download/v1/items/50c493754b5d434c8a1c44b96a6e6e44/geojson?layers=0,https://mapas-conaset.opendata.arcgis.com/api/download/v1/items/50c493754b5d434c8a1c44b96a6e6e44/csv?layers=0,https://mapas-conaset.opendata.arcgis.com/api/download/v1/items/50c493754b5d434c8a1c44b96a6e6e44/kml?layers=0,https://services3.arcgis.com/vaJl1B5HEzZj7154/arcgis/rest/services/Siniestros_Transito_Antofagasta2019/FeatureServer/0,https://mapas-conaset.opendata.arcgis.com/datasets/50c493754b5d434c8a1c44b96a6e6e44_0
"Siniestros de tránsito, región de Atacama, Chile, 2019.",Siniestros transito region multianual,2019,https://mapas-conaset.opendata.arcgis.com/api/download/v1/items/fb4d722f791e427b81eb436945b41b91/shapefile?layers=0,https://mapas-conaset.opendata.arcgis.com/api/download/v1/items/fb4d722f791e427b81eb436945b41b91/geojson?layers=0,https://mapas-conaset.opendata.arcgis.com/api/download/v1/items/fb4d722f791e427b81eb436945b41b91/csv?layers=0,https://mapas-conaset.opendata.arcgis.com/api/download/v1/items/fb4d722f791e427b81eb436945b41b91/kml?layers=0,https://services3.arcgis.com/vaJl1B5HEzZj7154/arcgis/rest/services/Siniestros_TransitoAtacama2019/FeatureServer/0,https://mapas-conaset.opendata.arcgis.com/datasets/fb4d722f791e427b81eb436945b41b91_0
"Siniestros de tránsito, región de La Araucanía, Chile, 2019.",Siniestros transito region multianual,2019,https://mapas-conaset.opendata.arcgis.com/api/download/v1/items/ada779507b6643dda90f1d6ae264abbb/shapefile?layers=0,https://mapas-conaset.opendata.arcgis.com/api/download/v1/items/ada779507b6643dda90f1d6ae264abbb/geojson?layers=0,https://mapas-conaset.opendata.arcgis.com/api/download/v1/items/ada779507b6643dda90f1d6ae264abbb/csv?layers=0,https://mapas-conaset.opendata.arcgis.com/api/download/v1/items/ada779507b6643dda90f1d6ae264abbb/kml?layers=0,https://services3.arcgis.com/vaJl1B5HEzZj7154/arcgis/rest/services/Siniestros_Araucania2019/FeatureServer/0,https://mapas-conaset.opendata.arcgis.com/datasets/ada779507b6643dda90f1d6ae264abbb_0
"Siniestros de tránsito, región de Valparaíso, Chile, 2019.",Siniestros transito region multianual,2019,https://mapas-conaset.opendata.arcgis.com/api/download/v1/items/d90365b7ebf547e1ad0f803b8189d35d/shapefile?layers=0,https://mapas-conaset.opendata.arcgis.com/api/download/v1/items/d90365b7ebf547e1ad0f803b8189d35d/geojson?layers=0,https://mapas-conaset.opendata.arcgis.com/api/download/v1/items/d90365b7ebf547e1ad0f803b8189d35d/csv?layers=0,https://mapas-conaset.opendata.arcgis.com/api/download/v1/items/d90365b7ebf547e1ad0f803b8189d35d/kml?layers=0,https://services3.arcgis.com/vaJl1B5HEzZj7154/arcgis/rest/services/Siniestros_Valpo2019/FeatureServer/0,https://mapas-conaset.opendata.arcgis.com/datasets/d90365b7ebf547e1ad0f803b8189d35d_0
"Siniestros de tránsito, región de Magallanes, Chile, 2019.",Siniestros transito region multianual,2019,https://mapas-conaset.opendata.arcgis.com/api/download/v1/items/f9bcab3358ed4a55a09c1854823004fe/shapefile?layers=0,https://mapas-conaset.opendata.arcgis.com/api/download/v1/items/f9bcab3358ed4a55a09c1854823004fe/geojson?layers=0,https://mapas-conaset.opendata.arcgis.com/api/download/v1/items/f9bcab3358ed4a55a09c1854823004fe/csv?layers=0,https://mapas-conaset.opendata.arcgis.com/api/download/v1/items/f9bcab3358ed4a55a09c1854823004fe/kml?layers=0,https://services3.arcgis.com/vaJl1B5HEzZj7154/arcgis/rest/services/Siniestros_Magallanes2019/FeatureServer/0,https://mapas-conaset.opendata.arcgis.com/datasets/f9bcab3358ed4a55a09c1854823004fe_0
"Siniestros de tránsito, región de Aysén, Chile, 2019.",Siniestros transito region multianual,2019,https://mapas-conaset.opendata.arcgis.com/api/download/v1/items/0d2b0fa3947f46eebd8ff3bcfb90c77c/shapefile?layers=0,https://mapas-conaset.opendata.arcgis.com/api/download/v1/items/0d2b0fa3947f46eebd8ff3bcfb90c77c/geojson?layers=0,https://mapas-conaset.opendata.arcgis.com/api/download/v1/items/0d2b0fa3947f46eebd8ff3bcfb90c77c/csv?layers=0,https://mapas-conaset.opendata.arcgis.com/api/download/v1/items/0d2b0fa3947f46eebd8ff3bcfb90c77c/kml?layers=0,https://services3.arcgis.com/vaJl1B5HEzZj7154/arcgis/rest/services/Siniestros_Aysen2019/FeatureServer/0,https://mapas-conaset.opendata.arcgis.com/datasets/0d2b0fa3947f46eebd8ff3bcfb90c77c_0
"Siniestros de tránsito, región de Los Lagos, Chile, 2019.",Siniestros transito region multianual,2019,https://mapas-conaset.opendata.arcgis.com/api/download/v1/items/db622c631d57483ca43643d889691b18/shapefile?layers=0,https://mapas-conaset.opendata.arcgis.com/api/download/v1/items/db622c631d57483ca43643d889691b18/geojson?layers=0,https://mapas-conaset.opendata.arcgis.com/api/download/v1/items/db622c631d57483ca43643d889691b18/csv?layers=0,https://mapas-conaset.opendata.arcgis.com/api/download/v1/items/db622c631d57483ca43643d889691b18/kml?layers=0,https://services3.arcgis.com/vaJl1B5HEzZj7154/arcgis/rest/services/Siniestros_LosLagos2019/FeatureServer/0,https://mapas-conaset.opendata.arcgis.com/datasets/db622c631d57483ca43643d889691b18_0
"Siniestros de tránsito, región de Ñuble, Chile, 2019.",Siniestros transito region multianual,2019,https://mapas-conaset.opendata.arcgis.com/api/download/v1/items/9a49649fb1c34406990cafacc673d690/shapefile?layers=0,https://mapas-conaset.opendata.arcgis.com/api/download/v1/items/9a49649fb1c34406990cafacc673d690/geojson?layers=0,https://mapas-conaset.opendata.arcgis.com/api/download/v1/items/9a49649fb1c34406990cafacc673d690/csv?layers=0,https://mapas-conaset.opendata.arcgis.com/api/download/v1/items/9a49649fb1c34406990cafacc673d690/kml?layers=0,https://services3.arcgis.com/vaJl1B5HEzZj7154/arcgis/rest/services/Siniestros_%C3%91uble2019/FeatureServer/0,https://mapas-conaset.opendata.arcgis.com/datasets/9a49649fb1c34406990cafacc673d690_0
"Siniestros de tránsito, región de Los Ríos, Chile, 2019.",Siniestros transito region multianual,2019,https://mapas-conaset.opendata.arcgis.com/api/download/v1/items/7ad1212f24384508bed986682e3ca77f/shapefile?layers=0,https://mapas-conaset.opendata.arcgis.com/api/download/v1/items/7ad1212f24384508bed986682e3ca77f/geojson?layers=0,https://mapas-conaset.opendata.arcgis.com/api/download/v1/items/7ad1212f24384508bed986682e3ca77f/csv?layers=0,https://mapas-conaset.opendata.arcgis.com/api/download/v1/items/7ad1212f24384508bed986682e3ca77f/kml?layers=0,https://services3.arcgis.com/vaJl1B5HEzZj7154/arcgis/rest/services/Siniestros_LosRios2019/FeatureServer/0,https://mapas-conaset.opendata.arcgis.com/datasets/7ad1212f24384508bed986682e3ca77f_0
"Siniestros de tránsito, región del Biobío, Chile, 2019.",Siniestros transito region multianual,2019,https://mapas-conaset.opendata.arcgis.com/api/download/v1/items/2b4d11b516844d7ca3ab28561998e4ee/shapefile?layers=0,https://mapas-conaset.opendata.arcgis.com/api/download/v1/items/2b4d11b516844d7ca3ab28561998e4ee/geojson?layers=0,https://mapas-conaset.opendata.arcgis.com/api/download/v1/items/2b4d11b516844d7ca3ab28561998e4ee/csv?layers=0,https://mapas-conaset.opendata.arcgis.com/api/download/v1/items/2b4d11b516844d7ca3ab28561998e4ee/kml?layers=0,https://services3.arcgis.com/vaJl1B5HEzZj7154/arcgis/rest/services/Siniestros_Biobio2019/FeatureServer/0,https://mapas-conaset.opendata.arcgis.com/datasets/2b4d11b516844d7ca3ab28561998e4ee_0
"Siniestros de tránsito, región del Maule, Chile, 2019.",Siniestros transito region multianual,2019,https://mapas-conaset.opendata.arcgis.com/api/download/v1/items/9d0b5c33b1a145089cd83112e05eb798/shapefile?layers=0,https://mapas-conaset.opendata.arcgis.com/api/download/v1/items/9d0b5c33b1a145089cd83112e05eb798/geojson?layers=0,https://mapas-conaset.opendata.arcgis.com/api/download/v1/items/9d0b5c33b1a145089cd83112e05eb798/csv?layers=0,https://mapas-conaset.opendata.arcgis.com/api/download/v1/items/9d0b5c33b1a145089cd83112e05eb798/kml?layers=0,https://services3.arcgis.com/vaJl1B5HEzZj7154/arcgis/rest/services/Siniestros_Maule2019/FeatureServer/0,https://mapas-conaset.opendata.arcgis.com/datasets/9d0b5c33b1a145089cd83112e05eb798_0
"Siniestros de tránsito, RM Rural, Chile, 2019.",Siniestros transito region multianual,2019,https://mapas-conaset.opendata.arcgis.com/api/download/v1/items/ce52908ff9914a4e8060c7d9dc75a75a/shapefile?layers=0,https://mapas-conaset.opendata.arcgis.com/api/download/v1/items/ce52908ff9914a4e8060c7d9dc75a75a/geojson?layers=0,https://mapas-conaset.opendata.arcgis.com/api/download/v1/items/ce52908ff9914a4e8060c7d9dc75a75a/csv?layers=0,https://mapas-conaset.opendata.arcgis.com/api/download/v1/items/ce52908ff9914a4e8060c7d9dc75a75a/kml?layers=0,https://services3.arcgis.com/vaJl1B5HEzZj7154/arcgis/rest/services/Siniestros_RMRural2019/FeatureServer/0,https://mapas-conaset.opendata.arcgis.com/datasets/ce52908ff9914a4e8060c7d9dc75a75a_0
"Siniestros de tránsito, región de Tarapacá, Chile, 2019.",Siniestros transito region multianual,2019,https://mapas-conaset.opendata.arcgis.com/api/download/v1/items/d6477dd726924a3c97c90f4f42cd7f14/shapefile?layers=0,https://mapas-conaset.opendata.arcgis.com/api/download/v1/items/d6477dd726924a3c97c90f4f42cd7f14/geojson?layers=0,https://mapas-conaset.opendata.arcgis.com/api/download/v1/items/d6477dd726924a3c97c90f4f42cd7f14/csv?layers=0,https://mapas-conaset.opendata.arcgis.com/api/download/v1/items/d6477dd726924a3c97c90f4f42cd7f14/kml?layers=0,https://services3.arcgis.com/vaJl1B5HEzZj7154/arcgis/rest/services/Siniestros_TransitoTarapaca2019/FeatureServer/0,https://mapas-conaset.opendata.arcgis.com/datasets/d6477dd726924a3c97c90f4f42cd7f14_0
"Siniestros de tránsito, región de Coquimbo, Chile, 2019.",Siniestros transito region multianual,2019,https://mapas-conaset.opendata.arcgis.com/api/download/v1/items/c998607d51db40658633f414d73a9c26/shapefile?layers=0,https://mapas-conaset.opendata.arcgis.com/api/download/v1/items/c998607d51db40658633f414d73a9c26/geojson?layers=0,https://mapas-conaset.opendata.arcgis.com/api/download/v1/items/c998607d51db40658633f414d73a9c26/csv?layers=0,https://mapas-conaset.opendata.arcgis.com/api/download/v1/items/c998607d51db40658633f414d73a9c26/kml?layers=0,https://services3.arcgis.com/vaJl1B5HEzZj7154/arcgis/rest/services/Siniestros_TransitoCoquimbo2019/FeatureServer/0,https://mapas-conaset.opendata.arcgis.com/datasets/c998607d51db40658633f414d73a9c26_0
"Siniestros de tránsito, región Arica y Parinacota, Chile, 2019.",Siniestros transito region multianual,2019,https://mapas-conaset.opendata.arcgis.com/api/download/v1/items/aea88c2c211c4d1b96915d1114f11f7d/shapefile?layers=0,https://mapas-conaset.opendata.arcgis.com/api/download/v1/items/aea88c2c211c4d1b96915d1114f11f7d/geojson?layers=0,https://mapas-conaset.opendata.arcgis.com/api/download/v1/items/aea88c2c211c4d1b96915d1114f11f7d/csv?layers=0,https://mapas-conaset.opendata.arcgis.com/api/download/v1/items/aea88c2c211c4d1b96915d1114f11f7d/kml?layers=0,https://services3.arcgis.com/vaJl1B5HEzZj7154/arcgis/rest/services/Siniestros_TransitoAricaParinacota2019/FeatureServer/0,https://mapas-conaset.opendata.arcgis.com/datasets/aea88c2c211c4d1b96915d1114f11f7d_0
"Siniestros de tránsito, Gran Valparaíso, Chile, 2017.",Siniestros transito region multianual,2017,https://mapas-conaset.opendata.arcgis.com/api/download/v1/items/76f33474a432475ab31fa3cedaeb7597/shapefile?layers=0,https://mapas-conaset.opendata.arcgis.com/api/download/v1/items/76f33474a432475ab31fa3cedaeb7597/geojson?layers=0,https://mapas-conaset.opendata.arcgis.com/api/download/v1/items/76f33474a432475ab31fa3cedaeb7597/csv?layers=0,https://mapas-conaset.opendata.arcgis.com/api/download/v1/items/76f33474a432475ab31fa3cedaeb7597/kml?layers=0,https://services3.arcgis.com/vaJl1B5HEzZj7154/arcgis/rest/services/AccidentesGranValpo2017/FeatureServer/0,https://mapas-conaset.opendata.arcgis.com/datasets/76f33474a432475ab31fa3cedaeb7597_0
"Siniestros de tránsito, Gran Concepción, Chile, 2017.",Siniestros transito region multianual,2017,https://mapas-conaset.opendata.arcgis.com/api/download/v1/items/af8bbb1a298e4b96a5b637125ef07931/shapefile?layers=0,https://mapas-conaset.opendata.arcgis.com/api/download/v1/items/af8bbb1a298e4b96a5b637125ef07931/geojson?layers=0,https://mapas-conaset.opendata.arcgis.com/api/download/v1/items/af8bbb1a298e4b96a5b637125ef07931/csv?layers=0,https://mapas-conaset.opendata.arcgis.com/api/download/v1/items/af8bbb1a298e4b96a5b637125ef07931/kml?layers=0,https://services3.arcgis.com/vaJl1B5HEzZj7154/arcgis/rest/services/AccidentesGranConce2017_individuales/FeatureServer/0,https://mapas-conaset.opendata.arcgis.com/datasets/af8bbb1a298e4b96a5b637125ef07931_0
AccidentesGranConce2017 individuales,Otros,2017,,,,,,https://mapas-conaset.opendata.arcgis.com/datasets/b6e853544c6f429e8c4f696d95b75cc4
